Workbook

Sheet 2回目結果
A1: キットの管理Noを記載してください | B1: 性別 | C1: 生年月日 | D1: 年齢 | E1: 1. 非常にたくさんの仕事をしなければならない | F1: 2. 時間内に仕事が処理しきれない | G1: 3. 一生懸命働かなければならない | H1: 4. かなり注意を集中する必要がある | I1: 5. 高度の知識や技術が必要なむずかしい仕事だ | J1: 6. 勤務時間中はいつも仕事のことを考えていなければならない | K1: 7. からだを大変よく使う仕事だ | L1: 8. 自分のペースで仕事ができる | M1: 9. 自分の仕事の順番・やり方を決めることができる | N1: 10. 職場の仕事の方針に自分の意見を反映できる | O1: 11. 自分の技能や知識を仕事で使うことが少ない | P1: 12. 私の部署内で意見のくい違いがある | Q1: 13. 私の部署と他の部署とはうまが合わない | R1: 14. 私の職場の雰囲気は友好的である | S1: 15. 私の職場の作業環境（騒音、照明、温度、換気など）はよくない | T1: 16. 仕事の内容は自分にあってる | U1: 17. 働きがいのある仕事だ | V1: 心理的な仕事の負担（質） | W1: 心理的な仕事の負担（質） | X1: 心理的な仕事の負担（量） | Y1: 心理的な仕事の負担（量） | Z1: 自覚的な身体的負担度 | AA1: 自覚的な身体的負担度 | AB1: 職場の対人関係でのストレス | AC1: 職場の対人関係でのストレス | AD1: 職場環境によるストレス | AE1: 職場環境によるストレス | AF1: 仕事のコントロール度 | AG1: 仕事のコントロール度 | AH1: 技能の活用度 | AI1: 技能の活用度 | AJ1: 仕事の適性度 | AK1: 仕事の適性度 | AL1: 働きがい | AM1: 働きがい | AN1: 1. 活気がわいてくる | AO1: 2. 元気がいっぱいだ | AP1: 3. 生き生きする | AQ1: 4. 怒りを感じる | AR1: 5. 内心腹立だしい | AS1: 6. イライラしている | AT1: 7. ひどく疲れた | AU1: 8. へとへとだ | AV1: 9. だるい | AW1: 10. 気がはりつめている | AX1: 11. 不安だ | AY1: 12. 落ち着かない | AZ1: 13. ゆううつだ | BA1: 14. 何をするのも面倒だ | BB1: 15. 物事に集中できない | BC1: 16. 気分が晴れない | BD1: 17. 仕事が手につかない | BE1: 18. 悲しいと感じる | BF1: 19. めまいがする | BG1: 20. 体のふしぶしが痛む | BH1: 21. 頭が重かったり頭痛がする | BI1: 22. 首筋や肩がこる | BJ1: 23. 腰が痛い | BK1: 24. 目が疲れる | BL1: 25. 動悸や息切れがする | BM1: 26. 胃腸の具合が悪い | BN1: 27. 食欲がない | BO1: 28. 便秘や下痢をする | BP1: 29. よく眠れない | BQ1: 活気 | BR1: 活気 | BS1: イライラ感 | BT1: イライラ感 | BU1: 疲労感 | BV1: 疲労感 | BW1: 不安感 | BX1: 不安感 | BY1: 抑うつ感 | BZ1: 抑うつ感 | CA1: 身体愁訴 | CB1: 身体愁訴 | CC1: 次の人たちはどのくらい気軽に話ができますか？ 1．上司 | CD1: 次の人たちはどのくらい気軽に話ができますか？ 2. 職場の同僚 | CE1: 次の人たちはどのくらい気軽に話ができますか？ 3. 配偶者、家族、友人等 | CF1: あなたが困った時、次の人たちはどのくらい頼りになりますか？ 4. 上司 | CG1: あなたが困った時、次の人たちはどのくらい頼りになりますか？ 5. 職場の同僚 | CH1: あなたが困った時、次の人たちはどのくらい頼りになりますか？ 6. 配偶者、家族、友人等 | CI1: あなたの個人的な問題を相談したら、次の人たちはどのくらいきいてくれますか？ 7. 上司 | CJ1: あなたの個人的な問題を相談したら、次の人たちはどのくらいきいてくれますか？ 8. 職場の同僚 | CK1: あなたの個人的な問題を相談したら、次の人たちはどのくらいきいてくれますか？ 9. 配偶者、家族、友人等 | CL1: 1. 仕事に満足だ | CM1: 2. 家庭生活に満足だ | CN1: 上司からのサポート | CO1: 上司からのサポート | CP1: 同僚からのサポート | CQ1: 同僚からのサポート | CR1: 家族・友人からのサポート | CS1: 家族・友人からのサポート | CT1: 仕事や生活の満足度 | CU1: 仕事や生活の満足度 | CV1: 心身の反応 | CW1: ストレスの原因 | CX1: ストレスに影響を与えるその他因子 | CY1: ストレスチェック総合評価 | CZ1: 東大式 | DA1: プレゼンティーズム | DB1: 1. 寝床についてから実際に寝るまで、時間 がかかりましたか？ | DC1: 2.夜間、睡眠の途中で目が覚めましたか？ | DD1: 3. 希望する起床時間より早く目覚めて、それ 以降、眠れないことはありましたか？ | DE1: 4. 夜の眠りや昼寝も合わせて、睡眠時間は 足りていましたか？ | DF1: 5. 全体的な睡眠の質について、どう感じてい ますか？ | DG1: 6. 日中の気分はいかがでしたか？ | DH1: 7. 日中の身体的および精神的な活動の状 態は、いかがでしたか？ | DI1: 8. 日中の眠気はありましたか？ | DJ1: アテネ不眠スコア（点数） | DK1: アテネ不眠スコア（評価） | DL1: 8月時間外労働時間 | DM1: 9月時間外労働時間 | DN1: 10月時間外労働時間 | DO1: 8-10月時間外労働時間 | DP1: 直近3か月以内の部署異動 | DQ1: 昇格・降格 | DR1: 担当顧客変更の有無 | DS1: 睡眠時間 | DT1: 1回目キットNo | DU1: 1回目バイオピリン | DV1: 1回目クレアチニン | DW1: 1回目BP（CRE補正後） | DX1: 1回目スコア | DY1: 4月時間外労働時間 | DZ1: 5月時間外労働時間 | EA1: 6月時間外労働時間 | EB1: 4-6月時間外労働時間 | EC1: 直近3か月以内の部署異動 | ED1: 担当顧客変更の有無 | EE1: バイオピリン | EF1: クレアチニン | EG1: BP（CRE補正後） | EH1: スコア | EI1: アラート有無 | EJ1: 2回目/1回目スコア | EK1: 2回目/1回目 BP（CRE補正後） | EL1: 2回目/1回目時間外労働時間 | EM1: 2回目/1回目 直近1ヵ月時間外労働時間
A2: 300 | B2: male | C2: 29883 | D2: 42 | E2: =IF(('2回目フォームの回答 '!C2="そうだ"),1,(IF(('2回目フォームの回答 '!C2="まぁそうだ"),2,(IF(('2回目フォームの回答 '!C2="ややちがう"),3,(IF(('2回目フォームの回答 '!C2="ちがう"),4,""))))))) -> 2 | F2: =IF(('2回目フォームの回答 '!D2="そうだ"),1,(IF(('2回目フォームの回答 '!D2="まぁそうだ"),2,(IF(('2回目フォームの回答 '!D2="ややちがう"),3,(IF(('2回目フォームの回答 '!D2="ちがう"),4,""))))))) -> 2 | G2: =IF(('2回目フォームの回答 '!E2="そうだ"),1,(IF(('2回目フォームの回答 '!E2="まぁそうだ"),2,(IF(('2回目フォームの回答 '!E2="ややちがう"),3,(IF(('2回目フォームの回答 '!E2="ちがう"),4,""))))))) -> 1 | H2: =IF(('2回目フォームの回答 '!F2="そうだ"),1,(IF(('2回目フォームの回答 '!F2="まぁそうだ"),2,(IF(('2回目フォームの回答 '!F2="ややちがう"),3,(IF(('2回目フォームの回答 '!F2="ちがう"),4,""))))))) -> 2 | I2: =IF(('2回目フォームの回答 '!G2="そうだ"),1,(IF(('2回目フォームの回答 '!G2="まぁそうだ"),2,(IF(('2回目フォームの回答 '!G2="ややちがう"),3,(IF(('2回目フォームの回答 '!G2="ちがう"),4,""))))))) -> 2 | J2: =IF(('2回目フォームの回答 '!H2="そうだ"),1,(IF(('2回目フォームの回答 '!H2="まぁそうだ"),2,(IF(('2回目フォームの回答 '!H2="ややちがう"),3,(IF(('2回目フォームの回答 '!H2="ちがう"),4,""))))))) -> 2 | K2: =IF(('2回目フォームの回答 '!I2="そうだ"),1,(IF(('2回目フォームの回答 '!I2="まぁそうだ"),2,(IF(('2回目フォームの回答 '!I2="ややちがう"),3,(IF(('2回目フォームの回答 '!I2="ちがう"),4,""))))))) -> 4 | L2: =IF(('2回目フォームの回答 '!J2="そうだ"),1,(IF(('2回目フォームの回答 '!J2="まぁそうだ"),2,(IF(('2回目フォームの回答 '!J2="ややちがう"),3,(IF(('2回目フォームの回答 '!J2="ちがう"),4,""))))))) -> 2 | ... U2: =IF(('2回目フォームの回答 '!S2="そうだ"),1,(IF(('2回目フォームの回答 '!S2="まぁそうだ"),2,(IF(('2回目フォームの回答 '!S2="ややちがう"),3,(IF(('2回目フォームの回答 '!S2="ちがう"),4,""))))))) -> 3 | V2: =15-($E2+$F2+$G2) -> 10 | W2: =IF(AND(B2="male",V2<=5),1,(IF(AND(B2="male",V2>=6,V2<=7),2,(IF(AND(B2="male",V2>=8,V2<=9),3,(IF(AND(B2="male",V2>=10,V2<=11),4,IF(AND(B2="male",V2>=12),5,IF(AND(B2="female",V2<=4),1,(IF(AND(B2="female",V2>=5,V2<=6),2,(IF(AND(B2="female",V2>=7,V2<=9),3,(IF(AND(B2="female",V2>=10,V2<=11),4,IF(AND(B2="female",V2>=12),5,"")))))))))))))))) -> 4 | X2: =15-($H2+$I2+$J2) -> 9 | Y2: =IF(AND(B2="male",X2<=5),1,(IF(AND(B2="male",X2>=6,X2<=7),2,(IF(AND(B2="male",X2>=8,X2<=9),3,(IF(AND(B2="male",X2>=10,X2<=11),4,IF(AND(B2="male",X2>=12),5,IF(AND(B2="female",X2<=4),1,(IF(AND(B2="female",X2>=5,X2<=6),2,(IF(AND(B2="female",X2>=7,X2<=8),3,(IF(AND(B2="female",X2>=9,X2<=10),4,IF(AND(B2="female",X2>=11),5,"")))))))))))))))) -> 3 | Z2: =5-$K2 -> 1 | AA2: =IF(Z2=1,2,IF(Z2=2,3,(IF(Z2=3,4,(IF(Z2=4,5,"")))))) -> 2 | AB2: =10-($P2+Q2)+$R2 -> 5 | AC2: =IF((AB2=3),1,(IF(AND(AB2>=4,AB2<=5),2,(IF(AND(AB2>=6,AB2<=7),3,(IF(AND(AB2>=8,AB2<=9),4,IF(AB2>=10,5,"")))))))) -> 2 | AD2: =5-$S2 -> 2 | AE2: =IF(AND(B2="male",AD2=1),2,IF(AND(B2="male",AD2=2),3,(IF(AND(B2="male",AD2=3),4,(IF(AND(B2="male",AD2=4),5,IF(AND(B2="female",AD2=1),1,IF(AND(B2="female",AD2=2),3,(IF(AND(B2="female",AD2=3),4,(IF(AND(B2="female",AD2=4),5,"")))))))))))) -> 3 | AF2: =15-($L2+$M2+$N2) -> 9 | AG2: =IF(AND(B2="male",AF2<=4),5,(IF(AND(B2="male",AF2>=5,AF2<=6),4,(IF(AND(B2="male",AF2>=7,AF2<=8),3,(IF(AND(B2="male",AF2>=9,AF2<=10),2,IF(AND(B2="male",AF2>=11),1,IF(AND(B2="female",AF2<=3),5,(IF(AND(B2="female",AF2>=4,AF2<=5),4,(IF(AND(B2="female",AF2>=6,AF2<=8),3,(IF(AND(B2="female",AF2>=9,AF2<=10),2,IF(AND(B2="female",AF2>=11),1,"")))))))))))))))) -> 2 | AH2: =$O2 -> 2 | AI2: =IF(AH2=1,5,IF(AH2=2,4,(IF(AH2=3,3,(IF(AH2=4,2,"")))))) -> 4 | AJ2: =5-$T2 -> 2 | AK2: =IF(AJ2=1,5,IF(AJ2=2,4,(IF(AJ2=3,3,(IF(AJ2=4,1,"")))))) -> 4 | AL2: =5-$U2 -> 2 | AM2: =IF(AL2=1,5,IF(AL2=2,4,(IF(AL2=3,3,(IF(AL2=4,1,"")))))) -> 4 | AN2: =IF(('2回目フォームの回答 '!T2="ほとんどなかった"),1,(IF(('2回目フォームの回答 '!T2="ときどきあった"),2,(IF(('2回目フォームの回答 '!T2="しばしばあった"),3,(IF(('2回目フォームの回答 '!T2="ほとんどいつもあった"),4,""))))))) -> 1 | AO2: =IF(('2回目フォームの回答 '!U2="ほとんどなかった"),1,(IF(('2回目フォームの回答 '!U2="ときどきあった"),2,(IF(('2回目フォームの回答 '!U2="しばしばあった"),3,(IF(('2回目フォームの回答 '!U2="ほとんどいつもあった"),4,""))))))) -> 2 | AP2: =IF(('2回目フォームの回答 '!V2="ほとんどなかった"),1,(IF(('2回目フォームの回答 '!V2="ときどきあった"),2,(IF(('2回目フォームの回答 '!V2="しばしばあった"),3,(IF(('2回目フォームの回答 '!V2="ほとんどいつもあった"),4,""))))))) -> 1 | AQ2: =IF(('2回目フォームの回答 '!W2="ほとんどなかった"),1,(IF(('2回目フォームの回答 '!W2="ときどきあった"),2,(IF(('2回目フォームの回答 '!W2="しばしばあった"),3,(IF(('2回目フォームの回答 '!W2="ほとんどいつもあった"),4,""))))))) -> 2 | AR2: =IF(('2回目フォームの回答 '!X2="ほとんどなかった"),1,(IF(('2回目フォームの回答 '!X2="ときどきあった"),2,(IF(('2回目フォームの回答 '!X2="しばしばあった"),3,(IF(('2回目フォームの回答 '!X2="ほとんどいつもあった"),4,""))))))) -> 2 | AS2: =IF(('2回目フォームの回答 '!Y2="ほとんどなかった"),1,(IF(('2回目フォームの回答 '!Y2="ときどきあった"),2,(IF(('2回目フォームの回答 '!Y2="しばしばあった"),3,(IF(('2回目フォームの回答 '!Y2="ほとんどいつもあった"),4,""))))))) -> 2 | AT2: =IF(('2回目フォームの回答 '!Z2="ほとんどなかった"),1,(IF(('2回目フォームの回答 '!Z2="ときどきあった"),2,(IF(('2回目フォームの回答 '!Z2="しばしばあった"),3,(IF(('2回目フォームの回答 '!Z2="ほとんどいつもあった"),4,""))))))) -> 3 | AU2: =IF(('2回目フォームの回答 '!AA2="ほとんどなかった"),1,(IF(('2回目フォームの回答 '!AA2="ときどきあった"),2,(IF(('2回目フォームの回答 '!AA2="しばしばあった"),3,(IF(('2回目フォームの回答 '!AA2="ほとんどいつもあった"),4,""))))))) -> 3 | AV2: =IF(('2回目フォームの回答 '!AB2="ほとんどなかった"),1,(IF(('2回目フォームの回答 '!AB2="ときどきばあった"),2,(IF(('2回目フォームの回答 '!AB2="しばしばあった"),3,(IF(('2回目フォームの回答 '!AB2="ほとんどいつもあった"),4,""))))))) -> 3 | AW2: =IF(('2回目フォームの回答 '!AC2="ほとんどなかった"),1,(IF(('2回目フォームの回答 '!AC2="ときどきあった"),2,(IF(('2回目フォームの回答 '!AC2="しばしばあった"),3,(IF(('2回目フォームの回答 '!AC2="ほとんどいつもあった"),4,""))))))) -> 2 | AX2: =IF(('2回目フォームの回答 '!AD2="ほとんどなかった"),1,(IF(('2回目フォームの回答 '!AD2="ときどきあった"),2,(IF(('2回目フォームの回答 '!AD2="しばしばあった"),3,(IF(('2回目フォームの回答 '!AD2="ほとんどいつもあった"),4,""))))))) -> 3 | AY2: =IF(('2回目フォームの回答 '!AE2="ほとんどなかった"),1,(IF(('2回目フォームの回答 '!AE2="ときどきあった"),2,(IF(('2回目フォームの回答 '!AE2="しばしばあった"),3,(IF(('2回目フォームの回答 '!AE2="ほとんどいつもあった"),4,""))))))) -> 2 | AZ2: =IF(('2回目フォームの回答 '!AF2="ほとんどなかった"),1,(IF(('2回目フォームの回答 '!AF2="ときどきあった"),2,(IF(('2回目フォームの回答 '!AF2="しばしばあった"),3,(IF(('2回目フォームの回答 '!AF2="ほとんどいつもあった"),4,""))))))) -> 4 | BA2: =IF(('2回目フォームの回答 '!AG2="ほとんどなかった"),1,(IF(('2回目フォームの回答 '!AG2="ときどきあった"),2,(IF(('2回目フォームの回答 '!AG2="しばしばあった"),3,(IF(('2回目フォームの回答 '!AG2="ほとんどいつもあった"),4,""))))))) -> 2 | BB2: =IF(('2回目フォームの回答 '!AH2="ほとんどなかった"),1,(IF(('2回目フォームの回答 '!AH2="ときどきあった"),2,(IF(('2回目フォームの回答 '!AH2="しばしばあった"),3,(IF(('2回目フォームの回答 '!AH2="ほとんどいつもあった"),4,""))))))) -> 3 | BC2: =IF(('2回目フォームの回答 '!AI2="ほとんどなかった"),1,(IF(('2回目フォームの回答 '!AI2="ときどきあった"),2,(IF(('2回目フォームの回答 '!AI2="しばしばあった"),3,(IF(('2回目フォームの回答 '!AI2="ほとんどいつもあった"),4,""))))))) -> 2 | BD2: =IF(('2回目フォームの回答 '!AJ2="ほとんどなかった"),1,(IF(('2回目フォームの回答 '!AJ2="ときどきあった"),2,(IF(('2回目フォームの回答 '!AJ2="しばしばあった"),3,(IF(('2回目フォームの回答 '!AJ2="ほとんどいつもあった"),4,""))))))) -> 2 | ... BP2: =IF(('2回目フォームの回答 '!AV2="ほとんどなかった"),1,(IF(('2回目フォームの回答 '!AV2="ときどきあった"),2,(IF(('2回目フォームの回答 '!AV2="しばしばあった"),3,(IF(('2回目フォームの回答 '!AV2="ほとんどいつもあった"),4,""))))))) -> 2 | BQ2: =$AN2+$AO2+$AP2 -> 4 | BR2: =IF((BQ2=3),5,(IF(AND(BQ2>=4,BQ2<=5),4,(IF(AND(BQ2>=6,BQ2<=7),3,(IF(AND(BQ2>=8,BQ2<=9),2,IF(BQ2>=10,1,"")))))))) -> 4 | BS2: =$AQ2+$AR2+$AS2 -> 6 | BT2: =IF(AND(B2="male",BS2=3),1,(IF(AND(B2="male",BS2>=4,BS2<=5),2,(IF(AND(B2="male",BS2>=6,BS2<=7),3,(IF(AND(B2="male",BS2>=8,BS2<=9),4,IF(AND(B2="male",BS2>=10),5,IF(AND(B2="female",BS2=3),1,(IF(AND(B2="female",BS2>=4,BS2<=5),2,(IF(AND(B2="female",BS2>=6,BS2<=8),3,(IF(AND(B2="female",BS2>=9,BS2<=10),4,IF(AND(B2="female",BS2>=11),5,"")))))))))))))))) -> 3 | BU2: =$AT2+$AU2+$AV2 -> 9 | BV2: =IF(AND(B2="male",BU2=3),1,(IF(AND(B2="male",BU2=4),2,(IF(AND(B2="male",BU2>=5,BU2<=7),3,(IF(AND(B2="male",BU2>=8,BU2<=10),4,IF(AND(B2="male",BU2>=11),5,IF(AND(B2="female",BU2=3),1,(IF(AND(B2="female",BU2>=4,BU2<=5),2,(IF(AND(B2="female",BU2>=6,BU2<=8),3,(IF(AND(B2="female",BU2>=9,BU2<=11),4,IF(AND(B2="female",BU2>=12),5,"")))))))))))))))) -> 4 | BW2: =$AW2+$AX2+$AY2 -> 7 | BX2: =IF(AND(B2="male",BW2=3),1,(IF(AND(B2="male",BW2=4),2,(IF(AND(B2="male",BW2>=5,BW2<=7),3,(IF(AND(B2="male",BW2>=8,BW2<=9),4,(IF(AND(B2="male",BW2>=10),5,(IF(AND(B2="female",BW2=3),1,(IF(AND(B2="female",BW2=4),2,(IF(AND(B2="female",BW2>=5,BW2<=7),3,(IF(AND(B2="female",BW2>=8,BW2<=10),4,IF(AND(B2="female",BW2>=11),5,"")))))))))))))))))) -> 3 | BY2: =SUM($AZ2:$BE2) -> 15 | BZ2: =IF(AND(B2="male",BY2=6),1,(IF(AND(B2="male",BY2>=7,BY2<=8),2,(IF(AND(B2="male",BY2>=9,BY2<=12),3,(IF(AND(B2="male",BY2>=13,BY2<=16),4,IF(AND(B2="male",BY2>=17),5,IF(AND(B2="female",BY2=6),1,(IF(AND(B2="female",BY2>=7,BY2<=8),2,(IF(AND(B2="female",BY2>=9,BY2<=12),3,(IF(AND(B2="female",BY2>=13,BY2<=17),4,IF(AND(B2="female",BY2>=18),5,"")))))))))))))))) -> 4 | CA2: =SUM($BF2:$BP2) -> 21 | CB2: =IF(AND(B2="male",CA2=11),1,(IF(AND(B2="male",CA2>=12,CA2<=15),2,(IF(AND(B2="male",CA2>=16,CA2<=21),3,(IF(AND(B2="male",CA2>=22,CA2<=26),4,IF(AND(B2="male",CA2>=27),5,IF(AND(B2="female",CA2<=13),1,(IF(AND(B2="female",CA2>=14,CA2<=17),2,(IF(AND(B2="female",CA2>=18,CA2<=23),3,(IF(AND(B2="female",CA2>=24,CA2<=29),4,IF(AND(B2="female",CA2>=30),5,"")))))))))))))))) -> 3 | CC2: =IF(('2回目フォームの回答 '!AW2="非常に"),1,(IF(('2回目フォームの回答 '!AW2="かなり"),2,(IF(('2回目フォームの回答 '!AW2="多少"),3,(IF(('2回目フォームの回答 '!AW2="全くない"),4,""))))))) -> 2 | CD2: =IF(('2回目フォームの回答 '!AX2="非常に"),1,(IF(('2回目フォームの回答 '!AX2="かなり"),2,(IF(('2回目フォームの回答 '!AX2="多少"),3,(IF(('2回目フォームの回答 '!AX2="全くない"),4,""))))))) -> 2 | CE2: =IF(('2回目フォームの回答 '!AY2="非常に"),1,(IF(('2回目フォームの回答 '!AY2="かなり"),2,(IF(('2回目フォームの回答 '!AY2="多少"),3,(IF(('2回目フォームの回答 '!AY2="全くない"),4,""))))))) -> 3 | CF2: =IF(('2回目フォームの回答 '!AZ2="非常に"),1,(IF(('2回目フォームの回答 '!AZ2="かなり"),2,(IF(('2回目フォームの回答 '!AZ2="多少"),3,(IF(('2回目フォームの回答 '!AZ2="全くない"),4,""))))))) -> 2 | CG2: =IF(('2回目フォームの回答 '!BA2="非常に"),1,(IF(('2回目フォームの回答 '!BA2="かなり"),2,(IF(('2回目フォームの回答 '!BA2="多少"),3,(IF(('2回目フォームの回答 '!BA2="全くない"),4,""))))))) -> 3 | CH2: =IF(('2回目フォームの回答 '!BB2="非常に"),1,(IF(('2回目フォームの回答 '!BB2="かなり"),2,(IF(('2回目フォームの回答 '!BB2="多少"),3,(IF(('2回目フォームの回答 '!BB2="全くない"),4,""))))))) -> 3 | CI2: =IF(('2回目フォームの回答 '!BC2="非常に"),1,(IF(('2回目フォームの回答 '!BC2="かなり"),2,(IF(('2回目フォームの回答 '!BC2="多少"),3,(IF(('2回目フォームの回答 '!BC2="全くない"),4,""))))))) -> 2 | CJ2: =IF(('2回目フォームの回答 '!BD2="非常に"),1,(IF(('2回目フォームの回答 '!BD2="かなり"),2,(IF(('2回目フォームの回答 '!BD2="多少"),3,(IF(('2回目フォームの回答 '!BD2="全くない"),4,""))))))) -> 3 | CK2: =IF(('2回目フォームの回答 '!BE2="非常に"),1,(IF(('2回目フォームの回答 '!BE2="かなり"),2,(IF(('2回目フォームの回答 '!BE2="多少"),3,(IF(('2回目フォームの回答 '!BE2="全くない"),4,""))))))) -> 2 | CL2: =IF(('2回目フォームの回答 '!BF2="満足"),1,(IF(('2回目フォームの回答 '!BF2="まぁ満足"),2,(IF(('2回目フォームの回答 '!BF2="やや満足"),3,(IF(('2回目フォームの回答 '!BF2="不満足"),4,""))))))) -> 3 | CM2: =IF(('2回目フォームの回答 '!BG2="満足"),1,(IF(('2回目フォームの回答 '!BG2="まぁ満足"),2,(IF(('2回目フォームの回答 '!BG2="やや満足"),3,(IF(('2回目フォームの回答 '!BG2="不満足"),4,""))))))) -> 3 | CN2: =15-($CC2+$CF2+$CI2) -> 9 | CO2: =IF(AND(B2="male",CN2<=4),5,(IF(AND(B2="male",CN2>=5,CN2<=6),4,(IF(AND(B2="male",CN2>=7,CN2<=8),3,(IF(AND(B2="male",CN2>=9,CN2<=10),2,IF(AND(B2="male",CN2>=11),1,IF(AND(B2="female",CN2<=3),5,(IF(AND(B2="female",CN2>=4,CN2<=5),4,(IF(AND(B2="female",CN2>=6,CN2<=7),3,(IF(AND(B2="female",CN2>=8,CN2<=10),2,IF(AND(B2="female",CN2>=11),1,"")))))))))))))))) -> 2 | CP2: =15-($CD2+$CG2+$CJ2) -> 7 | CQ2: =IF((CP2<=5),5,(IF(AND(CP2>=6,CP2<=7),4,(IF(AND(CP2>=8,CP2<=9),3,(IF(AND(CP2>=10,AF2<=11),2,IF(AF2>=12,1,"")))))))) -> 4 | CR2: =15-($CE2+$CH2+$CK2) -> 7 | CS2: =IF((CR2<=6),5,(IF(AND(CR2>=7,CR2<=8),4,IF((CR2=9),3,IF(AND(CR2>=10,CR2<=11),2,IF(CR2>=12,1,"")))))) -> 4 | CT2: =10-($CL2+$CM2) -> 4 | CU2: =IF((CT2<=3),5,(IF((CT2=4),4,IF(AND(CT2>=5,CT2<=6),3,IF((CT2=7),2,IF(CT2>=8,1,"")))))) -> 4 | CV2: =BR2+BT2+BV2+BX2+BZ2+CB2 -> 21 | CW2: =W2+Y2+AA2+AC2+AE2+AG2+AI2+AK2+AM2 -> 28 | CX2: =CO2+CQ2+CS2 -> 10 | CY2: =IF((CV2>=24),"高",IF(AND(CV2>=19,CV2<=23,(CW2+CX2)>=46),"高",IF(AND(CV2>=19,CV2<=23,(CW2+CX2)>=12,(CW2+CX2)<=45),"中①",IF(AND(CV2>=6,CV2<=18,(CW2+CX2)>=46),"中②","低")))) -> 中① | CZ2: ='2回目フォームの回答 '!BH2 -> 0.75 | DA2: =1-CZ3 -> 0.3 | DB2: =IF(('2回目フォームの回答 '!BI2="いつもより寝つきは良い"),0,(IF(('2回目フォームの回答 '!BI2="いつもより少し時間がかかった"),1,(IF(('2回目フォームの回答 '!BI2="いつもよりかなり時間がかかった"),2,(IF(('2回目フォームの回答 '!BI2="いつもより非常に時間がかかった、あるいは全く眠れなかった"),3,""))))))) -> 1 | DC2: =IF(('2回目フォームの回答 '!BJ2="問題になるほどのことはなかった"),0,(IF(('2回目フォームの回答 '!BJ2="少し困ることがある"),1,(IF(('2回目フォームの回答 '!BJ2="かなり困っている"),2,(IF(('2回目フォームの回答 '!BJ2="深刻な状態、あるいは全く眠れなかった"),3,""))))))) -> 0 | DD2: =IF(('2回目フォームの回答 '!BK2="そのようなことはなかった"),0,(IF(('2回目フォームの回答 '!BK2="少し早かった"),1,(IF(('2回目フォームの回答 '!BK2="かなり早かった"),2,(IF(('2回目フォームの回答 '!BK2="非常に早かった、あるいは全く眠れなかった"),3,""))))))) -> 0 | DE2: =IF(('2回目フォームの回答 '!BL2="十分である"),0,(IF(('2回目フォームの回答 '!BL2="少し足りない"),1,(IF(('2回目フォームの回答 '!BL2="かなり足りない"),2,(IF(('2回目フォームの回答 '!BL2="全く足りない、あるいは全く眠れなかった"),3,""))))))) -> 1 | DF2: =IF(('2回目フォームの回答 '!BM2="満足している"),0,(IF(('2回目フォームの回答 '!BM2="少し不満である"),1,(IF(('2回目フォームの回答 '!BM2="かなり不満である"),2,(IF(('2回目フォームの回答 '!BM2="非常に不満である、あるいは全く眠れなかった"),3,""))))))) -> 2 | DG2: =IF(('2回目フォームの回答 '!BN2="いつもどおり"),0,(IF(('2回目フォームの回答 '!BN2="少し滅入った"),1,(IF(('2回目フォームの回答 '!BN2="かなり滅入った"),2,(IF(('2回目フォームの回答 '!BN2="非常に滅入った"),3,""))))))) -> 2 | DH2: =IF(('2回目フォームの回答 '!BO2="いつもどおり"),0,(IF(('2回目フォームの回答 '!BO2="少し低下した"),1,(IF(('2回目フォームの回答 '!BO2="かなり低下した"),2,(IF(('2回目フォームの回答 '!BO2="非常に低下した"),3,""))))))) -> 1 | DI2: =IF(('2回目フォームの回答 '!BP2="全くなかった"),0,(IF(('2回目フォームの回答 '!BP2="少しあった"),1,(IF(('2回目フォームの回答 '!BP2="かなりあった"),2,(IF(('2回目フォームの回答 '!BP2="激しかった"),3,""))))))) -> 1 | DJ2: =SUM(DB2:DI2) -> 8 | DK2: =IF((DJ2<=3),"低",(IF(AND(DJ2>=4,DJ2<=5),"中",(IF((DJ2>=6),"高",""))))) -> 高 | DL2: 21.1 | DM2: 17.7 | DN2: 31.7 | DO2: =DL2+DM2+DN2 -> 70.5 | DQ2: 〇 | DS2: 0.29861111 | DT2: 322 | DU2: =INDEX('1回目結果'!DR:DR,MATCH($DT2,'1回目結果'!$A:$A,0)) -> 0.632 | DV2: =INDEX('1回目結果'!DS:DS,MATCH($DT2,'1回目結果'!$A:$A,0)) -> 71.75 | DW2: =INDEX('1回目結果'!DT:DT,MATCH($DT2,'1回目結果'!$A:$A,0)) -> 0.88 | DX2: =INDEX('1回目結果'!DU:DU,MATCH($DT2,'1回目結果'!$A:$A,0)) -> 44 | DY2: =IFERROR(INDEX('1回目結果'!DL:DL,MATCH('2回目結果'!$DT2,'1回目結果'!$A:$A,0)),"") -> 20.8 | DZ2: =IFERROR(INDEX('1回目結果'!DM:DM,MATCH('2回目結果'!$DT2,'1回目結果'!$A:$A,0)),"") -> 15.8 | EA2: =IFERROR(INDEX('1回目結果'!DN:DN,MATCH('2回目結果'!$DT2,'1回目結果'!$A:$A,0)),"") -> 10.9 | EB2: =IFERROR(INDEX('1回目結果'!DO:DO,MATCH('2回目結果'!$DT2,'1回目結果'!$A:$A,0)),"") -> 47.5 | EC2: =IFERROR(INDEX('1回目結果'!DP:DP,MATCH('2回目結果'!$DT2,'1回目結果'!$A:$A,0)),"") -> 0 | ED2: =IFERROR(INDEX('1回目結果'!DQ:DQ,MATCH('2回目結果'!$DT2,'1回目結果'!$A:$A,0)),"") -> 0 | EE2: 1.592 | EF2: 99.15 | EG2: 1.61 | EH2: 77 | EI2: メンタルアラートあり（+） | EJ2: =EH2/DX2 -> 1.75 | EK2: =EG2/DW2 -> 1.8295455 | EL2: =DO2-EB2 -> 23 | EM2: =DN2-EA2 -> 20.8
A3: 321 | B3: female | C3: 34254 | D3: 30 | E3: =IF(('2回目フォームの回答 '!C3="そうだ"),1,(IF(('2回目フォームの回答 '!C3="まぁそうだ"),2,(IF(('2回目フォームの回答 '!C3="ややちがう"),3,(IF(('2回目フォームの回答 '!C3="ちがう"),4,""))))))) -> 2 | F3: =IF(('2回目フォームの回答 '!D3="そうだ"),1,(IF(('2回目フォームの回答 '!D3="まぁそうだ"),2,(IF(('2回目フォームの回答 '!D3="ややちがう"),3,(IF(('2回目フォームの回答 '!D3="ちがう"),4,""))))))) -> 2 | G3: =IF(('2回目フォームの回答 '!E3="そうだ"),1,(IF(('2回目フォームの回答 '!E3="まぁそうだ"),2,(IF(('2回目フォームの回答 '!E3="ややちがう"),3,(IF(('2回目フォームの回答 '!E3="ちがう"),4,""))))))) -> 2 | H3: =IF(('2回目フォームの回答 '!F3="そうだ"),1,(IF(('2回目フォームの回答 '!F3="まぁそうだ"),2,(IF(('2回目フォームの回答 '!F3="ややちがう"),3,(IF(('2回目フォームの回答 '!F3="ちがう"),4,""))))))) -> 2 | I3: =IF(('2回目フォームの回答 '!G3="そうだ"),1,(IF(('2回目フォームの回答 '!G3="まぁそうだ"),2,(IF(('2回目フォームの回答 '!G3="ややちがう"),3,(IF(('2回目フォームの回答 '!G3="ちがう"),4,""))))))) -> 2 | J3: =IF(('2回目フォームの回答 '!H3="そうだ"),1,(IF(('2回目フォームの回答 '!H3="まぁそうだ"),2,(IF(('2回目フォームの回答 '!H3="ややちがう"),3,(IF(('2回目フォームの回答 '!H3="ちがう"),4,""))))))) -> 1 | K3: =IF(('2回目フォームの回答 '!I3="そうだ"),1,(IF(('2回目フォームの回答 '!I3="まぁそうだ"),2,(IF(('2回目フォームの回答 '!I3="ややちがう"),3,(IF(('2回目フォームの回答 '!I3="ちがう"),4,""))))))) -> 4 | L3: =IF(('2回目フォームの回答 '!J3="そうだ"),1,(IF(('2回目フォームの回答 '!J3="まぁそうだ"),2,(IF(('2回目フォームの回答 '!J3="ややちがう"),3,(IF(('2回目フォームの回答 '!J3="ちがう"),4,""))))))) -> 3 | ... U3: =IF(('2回目フォームの回答 '!S3="そうだ"),1,(IF(('2回目フォームの回答 '!S3="まぁそうだ"),2,(IF(('2回目フォームの回答 '!S3="ややちがう"),3,(IF(('2回目フォームの回答 '!S3="ちがう"),4,""))))))) -> 2 | V3: =15-($E3+$F3+$G3) -> 9 | W3: =IF(AND(B3="male",V3<=5),1,(IF(AND(B3="male",V3>=6,V3<=7),2,(IF(AND(B3="male",V3>=8,V3<=9),3,(IF(AND(B3="male",V3>=10,V3<=11),4,IF(AND(B3="male",V3>=12),5,IF(AND(B3="female",V3<=4),1,(IF(AND(B3="female",V3>=5,V3<=6),2,(IF(AND(B3="female",V3>=7,V3<=9),3,(IF(AND(B3="female",V3>=10,V3<=11),4,IF(AND(B3="female",V3>=12),5,"")))))))))))))))) -> 3 | X3: =15-($H3+$I3+$J3) -> 10 | Y3: =IF(AND(B3="male",X3<=5),1,(IF(AND(B3="male",X3>=6,X3<=7),2,(IF(AND(B3="male",X3>=8,X3<=9),3,(IF(AND(B3="male",X3>=10,X3<=11),4,IF(AND(B3="male",X3>=12),5,IF(AND(B3="female",X3<=4),1,(IF(AND(B3="female",X3>=5,X3<=6),2,(IF(AND(B3="female",X3>=7,X3<=8),3,(IF(AND(B3="female",X3>=9,X3<=10),4,IF(AND(B3="female",X3>=11),5,"")))))))))))))))) -> 4 | Z3: =5-$K3 -> 1 | AA3: =IF(Z3=1,2,IF(Z3=2,3,(IF(Z3=3,4,(IF(Z3=4,5,"")))))) -> 2 | AB3: =10-($P3+Q3)+$R3 -> 6 | AC3: =IF((AB3=3),1,(IF(AND(AB3>=4,AB3<=5),2,(IF(AND(AB3>=6,AB3<=7),3,(IF(AND(AB3>=8,AB3<=9),4,IF(AB3>=10,5,"")))))))) -> 3 | AD3: =5-$S3 -> 3 | AE3: =IF(AND(B3="male",AD3=1),2,IF(AND(B3="male",AD3=2),3,(IF(AND(B3="male",AD3=3),4,(IF(AND(B3="male",AD3=4),5,IF(AND(B3="female",AD3=1),1,IF(AND(B3="female",AD3=2),3,(IF(AND(B3="female",AD3=3),4,(IF(AND(B3="female",AD3=4),5,"")))))))))))) -> 4 | AF3: =15-($L3+$M3+$N3) -> 7 | AG3: =IF(AND(B3="male",AF3<=4),5,(IF(AND(B3="male",AF3>=5,AF3<=6),4,(IF(AND(B3="male",AF3>=7,AF3<=8),3,(IF(AND(B3="male",AF3>=9,AF3<=10),2,IF(AND(B3="male",AF3>=11),1,IF(AND(B3="female",AF3<=3),5,(IF(AND(B3="female",AF3>=4,AF3<=5),4,(IF(AND(B3="female",AF3>=6,AF3<=8),3,(IF(AND(B3="female",AF3>=9,AF3<=10),2,IF(AND(B3="female",AF3>=11),1,"")))))))))))))))) -> 3 | AH3: =$O3 -> 3 | AI3: =IF(AH3=1,5,IF(AH3=2,4,(IF(AH3=3,3,(IF(AH3=4,2,"")))))) -> 3 | AJ3: =5-$T3 -> 3 | AK3: =IF(AJ3=1,5,IF(AJ3=2,4,(IF(AJ3=3,3,(IF(AJ3=4,1,"")))))) -> 3 | AL3: =5-$U3 -> 3 | AM3: =IF(AL3=1,5,IF(AL3=2,4,(IF(AL3=3,3,(IF(AL3=4,1,"")))))) -> 3 | AN3: =IF(('2回目フォームの回答 '!T3="ほとんどなかった"),1,(IF(('2回目フォームの回答 '!T3="ときどきあった"),2,(IF(('2回目フォームの回答 '!T3="しばしばあった"),3,(IF(('2回目フォームの回答 '!T3="ほとんどいつもあった"),4,""))))))) -> 2 | AO3: =IF(('2回目フォームの回答 '!U3="ほとんどなかった"),1,(IF(('2回目フォームの回答 '!U3="ときどきあった"),2,(IF(('2回目フォームの回答 '!U3="しばしばあった"),3,(IF(('2回目フォームの回答 '!U3="ほとんどいつもあった"),4,""))))))) -> 2 | AP3: =IF(('2回目フォームの回答 '!V3="ほとんどなかった"),1,(IF(('2回目フォームの回答 '!V3="ときどきあった"),2,(IF(('2回目フォームの回答 '!V3="しばしばあった"),3,(IF(('2回目フォームの回答 '!V3="ほとんどいつもあった"),4,""))))))) -> 2 | AQ3: =IF(('2回目フォームの回答 '!W3="ほとんどなかった"),1,(IF(('2回目フォームの回答 '!W3="ときどきあった"),2,(IF(('2回目フォームの回答 '!W3="しばしばあった"),3,(IF(('2回目フォームの回答 '!W3="ほとんどいつもあった"),4,""))))))) -> 2 | AR3: =IF(('2回目フォームの回答 '!X3="ほとんどなかった"),1,(IF(('2回目フォームの回答 '!X3="ときどきあった"),2,(IF(('2回目フォームの回答 '!X3="しばしばあった"),3,(IF(('2回目フォームの回答 '!X3="ほとんどいつもあった"),4,""))))))) -> 2 | AS3: =IF(('2回目フォームの回答 '!Y3="ほとんどなかった"),1,(IF(('2回目フォームの回答 '!Y3="ときどきあった"),2,(IF(('2回目フォームの回答 '!Y3="しばしばあった"),3,(IF(('2回目フォームの回答 '!Y3="ほとんどいつもあった"),4,""))))))) -> 2 | AT3: =IF(('2回目フォームの回答 '!Z3="ほとんどなかった"),1,(IF(('2回目フォームの回答 '!Z3="ときどきあった"),2,(IF(('2回目フォームの回答 '!Z3="しばしばあった"),3,(IF(('2回目フォームの回答 '!Z3="ほとんどいつもあった"),4,""))))))) -> 3 | AU3: =IF(('2回目フォームの回答 '!AA3="ほとんどなかった"),1,(IF(('2回目フォームの回答 '!AA3="ときどきあった"),2,(IF(('2回目フォームの回答 '!AA3="しばしばあった"),3,(IF(('2回目フォームの回答 '!AA3="ほとんどいつもあった"),4,""))))))) -> 3 | AV3: =IF(('2回目フォームの回答 '!AB3="ほとんどなかった"),1,(IF(('2回目フォームの回答 '!AB3="ときどきばあった"),2,(IF(('2回目フォームの回答 '!AB3="しばしばあった"),3,(IF(('2回目フォームの回答 '!AB3="ほとんどいつもあった"),4,""))))))) -> 3 | AW3: =IF(('2回目フォームの回答 '!AC3="ほとんどなかった"),1,(IF(('2回目フォームの回答 '!AC3="ときどきあった"),2,(IF(('2回目フォームの回答 '!AC3="しばしばあった"),3,(IF(('2回目フォームの回答 '!AC3="ほとんどいつもあった"),4,""))))))) -> 3 | AX3: =IF(('2回目フォームの回答 '!AD3="ほとんどなかった"),1,(IF(('2回目フォームの回答 '!AD3="ときどきあった"),2,(IF(('2回目フォームの回答 '!AD3="しばしばあった"),3,(IF(('2回目フォームの回答 '!AD3="ほとんどいつもあった"),4,""))))))) -> 2 | AY3: =IF(('2回目フォームの回答 '!AE3="ほとんどなかった"),1,(IF(('2回目フォームの回答 '!AE3="ときどきあった"),2,(IF(('2回目フォームの回答 '!AE3="しばしばあった"),3,(IF(('2回目フォームの回答 '!AE3="ほとんどいつもあった"),4,""))))))) -> 1 | AZ3: =IF(('2回目フォームの回答 '!AF3="ほとんどなかった"),1,(IF(('2回目フォームの回答 '!AF3="ときどきあった"),2,(IF(('2回目フォームの回答 '!AF3="しばしばあった"),3,(IF(('2回目フォームの回答 '!AF3="ほとんどいつもあった"),4,""))))))) -> 2 | BA3: =IF(('2回目フォームの回答 '!AG3="ほとんどなかった"),1,(IF(('2回目フォームの回答 '!AG3="ときどきあった"),2,(IF(('2回目フォームの回答 '!AG3="しばしばあった"),3,(IF(('2回目フォームの回答 '!AG3="ほとんどいつもあった"),4,""))))))) -> 3 | BB3: =IF(('2回目フォームの回答 '!AH3="ほとんどなかった"),1,(IF(('2回目フォームの回答 '!AH3="ときどきあった"),2,(IF(('2回目フォームの回答 '!AH3="しばしばあった"),3,(IF(('2回目フォームの回答 '!AH3="ほとんどいつもあった"),4,""))))))) -> 3 | BC3: =IF(('2回目フォームの回答 '!AI3="ほとんどなかった"),1,(IF(('2回目フォームの回答 '!AI3="ときどきあった"),2,(IF(('2回目フォームの回答 '!AI3="しばしばあった"),3,(IF(('2回目フォームの回答 '!AI3="ほとんどいつもあった"),4,""))))))) -> 2 | BD3: =IF(('2回目フォームの回答 '!AJ3="ほとんどなかった"),1,(IF(('2回目フォームの回答 '!AJ3="ときどきあった"),2,(IF(('2回目フォームの回答 '!AJ3="しばしばあった"),3,(IF(('2回目フォームの回答 '!AJ3="ほとんどいつもあった"),4,""))))))) -> 1 | ... BP3: =IF(('2回目フォームの回答 '!AV3="ほとんどなかった"),1,(IF(('2回目フォームの回答 '!AV3="ときどきあった"),2,(IF(('2回目フォームの回答 '!AV3="しばしばあった"),3,(IF(('2回目フォームの回答 '!AV3="ほとんどいつもあった"),4,""))))))) -> 3 | BQ3: =$AN3+$AO3+$AP3 -> 6 | BR3: =IF((BQ3=3),5,(IF(AND(BQ3>=4,BQ3<=5),4,(IF(AND(BQ3>=6,BQ3<=7),3,(IF(AND(BQ3>=8,BQ3<=9),2,IF(BQ3>=10,1,"")))))))) -> 3 | BS3: =$AQ3+$AR3+$AS3 -> 6 | BT3: =IF(AND(B3="male",BS3=3),1,(IF(AND(B3="male",BS3>=4,BS3<=5),2,(IF(AND(B3="male",BS3>=6,BS3<=7),3,(IF(AND(B3="male",BS3>=8,BS3<=9),4,IF(AND(B3="male",BS3>=10),5,IF(AND(B3="female",BS3=3),1,(IF(AND(B3="female",BS3>=4,BS3<=5),2,(IF(AND(B3="female",BS3>=6,BS3<=8),3,(IF(AND(B3="female",BS3>=9,BS3<=10),4,IF(AND(B3="female",BS3>=11),5,"")))))))))))))))) -> 3 | BU3: =$AT3+$AU3+$AV3 -> 9 | BV3: =IF(AND(B3="male",BU3=3),1,(IF(AND(B3="male",BU3=4),2,(IF(AND(B3="male",BU3>=5,BU3<=7),3,(IF(AND(B3="male",BU3>=8,BU3<=10),4,IF(AND(B3="male",BU3>=11),5,IF(AND(B3="female",BU3=3),1,(IF(AND(B3="female",BU3>=4,BU3<=5),2,(IF(AND(B3="female",BU3>=6,BU3<=8),3,(IF(AND(B3="female",BU3>=9,BU3<=11),4,IF(AND(B3="female",BU3>=12),5,"")))))))))))))))) -> 4 | BW3: =$AW3+$AX3+$AY3 -> 6 | BX3: =IF(AND(B3="male",BW3=3),1,(IF(AND(B3="male",BW3=4),2,(IF(AND(B3="male",BW3>=5,BW3<=7),3,(IF(AND(B3="male",BW3>=8,BW3<=9),4,(IF(AND(B3="male",BW3>=10),5,(IF(AND(B3="female",BW3=3),1,(IF(AND(B3="female",BW3=4),2,(IF(AND(B3="female",BW3>=5,BW3<=7),3,(IF(AND(B3="female",BW3>=8,BW3<=10),4,IF(AND(B3="female",BW3>=11),5,"")))))))))))))))))) -> 3 | BY3: =SUM($AZ3:$BE3) -> 12 | BZ3: =IF(AND(B3="male",BY3=6),1,(IF(AND(B3="male",BY3>=7,BY3<=8),2,(IF(AND(B3="male",BY3>=9,BY3<=12),3,(IF(AND(B3="male",BY3>=13,BY3<=16),4,IF(AND(B3="male",BY3>=17),5,IF(AND(B3="female",BY3=6),1,(IF(AND(B3="female",BY3>=7,BY3<=8),2,(IF(AND(B3="female",BY3>=9,BY3<=12),3,(IF(AND(B3="female",BY3>=13,BY3<=17),4,IF(AND(B3="female",BY3>=18),5,"")))))))))))))))) -> 3 | CA3: =SUM($BF3:$BP3) -> 28 | CB3: =IF(AND(B3="male",CA3=11),1,(IF(AND(B3="male",CA3>=12,CA3<=15),2,(IF(AND(B3="male",CA3>=16,CA3<=21),3,(IF(AND(B3="male",CA3>=22,CA3<=26),4,IF(AND(B3="male",CA3>=27),5,IF(AND(B3="female",CA3<=13),1,(IF(AND(B3="female",CA3>=14,CA3<=17),2,(IF(AND(B3="female",CA3>=18,CA3<=23),3,(IF(AND(B3="female",CA3>=24,CA3<=29),4,IF(AND(B3="female",CA3>=30),5,"")))))))))))))))) -> 4 | CC3: =IF(('2回目フォームの回答 '!AW3="非常に"),1,(IF(('2回目フォームの回答 '!AW3="かなり"),2,(IF(('2回目フォームの回答 '!AW3="多少"),3,(IF(('2回目フォームの回答 '!AW3="全くない"),4,""))))))) -> 3 | CD3: =IF(('2回目フォームの回答 '!AX3="非常に"),1,(IF(('2回目フォームの回答 '!AX3="かなり"),2,(IF(('2回目フォームの回答 '!AX3="多少"),3,(IF(('2回目フォームの回答 '!AX3="全くない"),4,""))))))) -> 2 | CE3: =IF(('2回目フォームの回答 '!AY3="非常に"),1,(IF(('2回目フォームの回答 '!AY3="かなり"),2,(IF(('2回目フォームの回答 '!AY3="多少"),3,(IF(('2回目フォームの回答 '!AY3="全くない"),4,""))))))) -> 2 | CF3: =IF(('2回目フォームの回答 '!AZ3="非常に"),1,(IF(('2回目フォームの回答 '!AZ3="かなり"),2,(IF(('2回目フォームの回答 '!AZ3="多少"),3,(IF(('2回目フォームの回答 '!AZ3="全くない"),4,""))))))) -> 2 | CG3: =IF(('2回目フォームの回答 '!BA3="非常に"),1,(IF(('2回目フォームの回答 '!BA3="かなり"),2,(IF(('2回目フォームの回答 '!BA3="多少"),3,(IF(('2回目フォームの回答 '!BA3="全くない"),4,""))))))) -> 2 | CH3: =IF(('2回目フォームの回答 '!BB3="非常に"),1,(IF(('2回目フォームの回答 '!BB3="かなり"),2,(IF(('2回目フォームの回答 '!BB3="多少"),3,(IF(('2回目フォームの回答 '!BB3="全くない"),4,""))))))) -> 2 | CI3: =IF(('2回目フォームの回答 '!BC3="非常に"),1,(IF(('2回目フォームの回答 '!BC3="かなり"),2,(IF(('2回目フォームの回答 '!BC3="多少"),3,(IF(('2回目フォームの回答 '!BC3="全くない"),4,""))))))) -> 2 | CJ3: =IF(('2回目フォームの回答 '!BD3="非常に"),1,(IF(('2回目フォームの回答 '!BD3="かなり"),2,(IF(('2回目フォームの回答 '!BD3="多少"),3,(IF(('2回目フォームの回答 '!BD3="全くない"),4,""))))))) -> 2 | CK3: =IF(('2回目フォームの回答 '!BE3="非常に"),1,(IF(('2回目フォームの回答 '!BE3="かなり"),2,(IF(('2回目フォームの回答 '!BE3="多少"),3,(IF(('2回目フォームの回答 '!BE3="全くない"),4,""))))))) -> 2 | CL3: =IF(('2回目フォームの回答 '!BF3="満足"),1,(IF(('2回目フォームの回答 '!BF3="まぁ満足"),2,(IF(('2回目フォームの回答 '!BF3="やや満足"),3,(IF(('2回目フォームの回答 '!BF3="不満足"),4,""))))))) -> 2 | CM3: =IF(('2回目フォームの回答 '!BG3="満足"),1,(IF(('2回目フォームの回答 '!BG3="まぁ満足"),2,(IF(('2回目フォームの回答 '!BG3="やや満足"),3,(IF(('2回目フォームの回答 '!BG3="不満足"),4,""))))))) -> 2 | CN3: =15-($CC3+$CF3+$CI3) -> 8 | CO3: =IF(AND(B3="male",CN3<=4),5,(IF(AND(B3="male",CN3>=5,CN3<=6),4,(IF(AND(B3="male",CN3>=7,CN3<=8),3,(IF(AND(B3="male",CN3>=9,CN3<=10),2,IF(AND(B3="male",CN3>=11),1,IF(AND(B3="female",CN3<=3),5,(IF(AND(B3="female",CN3>=4,CN3<=5),4,(IF(AND(B3="female",CN3>=6,CN3<=7),3,(IF(AND(B3="female",CN3>=8,CN3<=10),2,IF(AND(B3="female",CN3>=11),1,"")))))))))))))))) -> 2 | CP3: =15-($CD3+$CG3+$CJ3) -> 9 | CQ3: =IF((CP3<=5),5,(IF(AND(CP3>=6,CP3<=7),4,(IF(AND(CP3>=8,CP3<=9),3,(IF(AND(CP3>=10,AF3<=11),2,IF(AF3>=12,1,"")))))))) -> 3 | CR3: =15-($CE3+$CH3+$CK3) -> 9 | CS3: =IF((CR3<=6),5,(IF(AND(CR3>=7,CR3<=8),4,IF((CR3=9),3,IF(AND(CR3>=10,CR3<=11),2,IF(CR3>=12,1,"")))))) -> 3 | CT3: =10-($CL3+$CM3) -> 6 | CU3: =IF((CT3<=3),5,(IF((CT3=4),4,IF(AND(CT3>=5,CT3<=6),3,IF((CT3=7),2,IF(CT3>=8,1,"")))))) -> 3 | CV3: =BR3+BT3+BV3+BX3+BZ3+CB3 -> 20 | CW3: =W3+Y3+AA3+AC3+AE3+AG3+AI3+AK3+AM3 -> 28 | CX3: =CO3+CQ3+CS3 -> 8 | CY3: =IF((CV3>=24),"高",IF(AND(CV3>=19,CV3<=23,(CW3+CX3)>=46),"高",IF(AND(CV3>=19,CV3<=23,(CW3+CX3)>=12,(CW3+CX3)<=45),"中①",IF(AND(CV3>=6,CV3<=18,(CW3+CX3)>=46),"中②","低")))) -> 中① | CZ3: ='2回目フォームの回答 '!BH3 -> 0.7 | DA3: =1-CZ3 -> 0.3 | DB3: =IF(('2回目フォームの回答 '!BI3="いつもより寝つきは良い"),0,(IF(('2回目フォームの回答 '!BI3="いつもより少し時間がかかった"),1,(IF(('2回目フォームの回答 '!BI3="いつもよりかなり時間がかかった"),2,(IF(('2回目フォームの回答 '!BI3="いつもより非常に時間がかかった、あるいは全く眠れなかった"),3,""))))))) -> 2 | DC3: =IF(('2回目フォームの回答 '!BJ3="問題になるほどのことはなかった"),0,(IF(('2回目フォームの回答 '!BJ3="少し困ることがある"),1,(IF(('2回目フォームの回答 '!BJ3="かなり困っている"),2,(IF(('2回目フォームの回答 '!BJ3="深刻な状態、あるいは全く眠れなかった"),3,""))))))) -> 2 | DD3: =IF(('2回目フォームの回答 '!BK3="そのようなことはなかった"),0,(IF(('2回目フォームの回答 '!BK3="少し早かった"),1,(IF(('2回目フォームの回答 '!BK3="かなり早かった"),2,(IF(('2回目フォームの回答 '!BK3="非常に早かった、あるいは全く眠れなかった"),3,""))))))) -> 0 | DE3: =IF(('2回目フォームの回答 '!BL3="十分である"),0,(IF(('2回目フォームの回答 '!BL3="少し足りない"),1,(IF(('2回目フォームの回答 '!BL3="かなり足りない"),2,(IF(('2回目フォームの回答 '!BL3="全く足りない、あるいは全く眠れなかった"),3,""))))))) -> 2 | DF3: =IF(('2回目フォームの回答 '!BM3="満足している"),0,(IF(('2回目フォームの回答 '!BM3="少し不満である"),1,(IF(('2回目フォームの回答 '!BM3="かなり不満である"),2,(IF(('2回目フォームの回答 '!BM3="非常に不満である、あるいは全く眠れなかった"),3,""))))))) -> 2 | DG3: =IF(('2回目フォームの回答 '!BN3="いつもどおり"),0,(IF(('2回目フォームの回答 '!BN3="少し滅入った"),1,(IF(('2回目フォームの回答 '!BN3="かなり滅入った"),2,(IF(('2回目フォームの回答 '!BN3="非常に滅入った"),3,""))))))) -> 1 | DH3: =IF(('2回目フォームの回答 '!BO3="いつもどおり"),0,(IF(('2回目フォームの回答 '!BO3="少し低下した"),1,(IF(('2回目フォームの回答 '!BO3="かなり低下した"),2,(IF(('2回目フォームの回答 '!BO3="非常に低下した"),3,""))))))) -> 1 | DI3: =IF(('2回目フォームの回答 '!BP3="全くなかった"),0,(IF(('2回目フォームの回答 '!BP3="少しあった"),1,(IF(('2回目フォームの回答 '!BP3="かなりあった"),2,(IF(('2回目フォームの回答 '!BP3="激しかった"),3,""))))))) -> 1 | DJ3: =SUM(DB3:DI3) -> 11 | DK3: =IF((DJ3<=3),"低",(IF(AND(DJ3>=4,DJ3<=5),"中",(IF((DJ3>=6),"高",""))))) -> 高 | DL3: 1.4 | DM3: 20.4 | DN3: 19.4 | DO3: =DL3+DM3+DN3 -> 41.2 | DP3: 〇 | DR3: 〇 | DS3: 0.29166667 | DT3: 310 | DU3: =INDEX('1回目結果'!DR:DR,MATCH($DT3,'1回目結果'!$A:$A,0)) -> 0.24 | DV3: =INDEX('1回目結果'!DS:DS,MATCH($DT3,'1回目結果'!$A:$A,0)) -> 42.5 | DW3: =INDEX('1回目結果'!DT:DT,MATCH($DT3,'1回目結果'!$A:$A,0)) -> 0.56 | DX3: =INDEX('1回目結果'!DU:DU,MATCH($DT3,'1回目結果'!$A:$A,0)) -> 10 | DY3: =IFERROR(INDEX('1回目結果'!DL:DL,MATCH('2回目結果'!$DT3,'1回目結果'!$A:$A,0)),"") -> 15.7 | DZ3: =IFERROR(INDEX('1回目結果'!DM:DM,MATCH('2回目結果'!$DT3,'1回目結果'!$A:$A,0)),"") -> 0 | EA3: =IFERROR(INDEX('1回目結果'!DN:DN,MATCH('2回目結果'!$DT3,'1回目結果'!$A:$A,0)),"") -> 2.6 | EB3: =IFERROR(INDEX('1回目結果'!DO:DO,MATCH('2回目結果'!$DT3,'1回目結果'!$A:$A,0)),"") -> 18.3 | EC3: =IFERROR(INDEX('1回目結果'!DP:DP,MATCH('2回目結果'!$DT3,'1回目結果'!$A:$A,0)),"") -> 0 | ED3: =IFERROR(INDEX('1回目結果'!DQ:DQ,MATCH('2回目結果'!$DT3,'1回目結果'!$A:$A,0)),"") -> 〇 | EE3: 1.104 | EF3: 186.64 | EG3: 0.59 | EH3: 30 | EI3: メンタルアラートなし（-） | EJ3: =EH3/DX3 -> 3 | EL3: =DO3-EB3 -> 22.9 | EM3: =DN3-EA3 -> 16.8
A4: 323 | B4: female | C4: 32706 | D4: 35 | E4: =IF(('2回目フォームの回答 '!C4="そうだ"),1,(IF(('2回目フォームの回答 '!C4="まぁそうだ"),2,(IF(('2回目フォームの回答 '!C4="ややちがう"),3,(IF(('2回目フォームの回答 '!C4="ちがう"),4,""))))))) -> 3 | F4: =IF(('2回目フォームの回答 '!D4="そうだ"),1,(IF(('2回目フォームの回答 '!D4="まぁそうだ"),2,(IF(('2回目フォームの回答 '!D4="ややちがう"),3,(IF(('2回目フォームの回答 '!D4="ちがう"),4,""))))))) -> 3 | G4: =IF(('2回目フォームの回答 '!E4="そうだ"),1,(IF(('2回目フォームの回答 '!E4="まぁそうだ"),2,(IF(('2回目フォームの回答 '!E4="ややちがう"),3,(IF(('2回目フォームの回答 '!E4="ちがう"),4,""))))))) -> 2 | H4: =IF(('2回目フォームの回答 '!F4="そうだ"),1,(IF(('2回目フォームの回答 '!F4="まぁそうだ"),2,(IF(('2回目フォームの回答 '!F4="ややちがう"),3,(IF(('2回目フォームの回答 '!F4="ちがう"),4,""))))))) -> 3 | I4: =IF(('2回目フォームの回答 '!G4="そうだ"),1,(IF(('2回目フォームの回答 '!G4="まぁそうだ"),2,(IF(('2回目フォームの回答 '!G4="ややちがう"),3,(IF(('2回目フォームの回答 '!G4="ちがう"),4,""))))))) -> 3 | J4: =IF(('2回目フォームの回答 '!H4="そうだ"),1,(IF(('2回目フォームの回答 '!H4="まぁそうだ"),2,(IF(('2回目フォームの回答 '!H4="ややちがう"),3,(IF(('2回目フォームの回答 '!H4="ちがう"),4,""))))))) -> 2 | K4: =IF(('2回目フォームの回答 '!I4="そうだ"),1,(IF(('2回目フォームの回答 '!I4="まぁそうだ"),2,(IF(('2回目フォームの回答 '!I4="ややちがう"),3,(IF(('2回目フォームの回答 '!I4="ちがう"),4,""))))))) -> 4 | L4: =IF(('2回目フォームの回答 '!J4="そうだ"),1,(IF(('2回目フォームの回答 '!J4="まぁそうだ"),2,(IF(('2回目フォームの回答 '!J4="ややちがう"),3,(IF(('2回目フォームの回答 '!J4="ちがう"),4,""))))))) -> 2 | ... U4: =IF(('2回目フォームの回答 '!S4="そうだ"),1,(IF(('2回目フォームの回答 '!S4="まぁそうだ"),2,(IF(('2回目フォームの回答 '!S4="ややちがう"),3,(IF(('2回目フォームの回答 '!S4="ちがう"),4,""))))))) -> 3 | V4: =15-($E4+$F4+$G4) -> 7 | W4: =IF(AND(B4="male",V4<=5),1,(IF(AND(B4="male",V4>=6,V4<=7),2,(IF(AND(B4="male",V4>=8,V4<=9),3,(IF(AND(B4="male",V4>=10,V4<=11),4,IF(AND(B4="male",V4>=12),5,IF(AND(B4="female",V4<=4),1,(IF(AND(B4="female",V4>=5,V4<=6),2,(IF(AND(B4="female",V4>=7,V4<=9),3,(IF(AND(B4="female",V4>=10,V4<=11),4,IF(AND(B4="female",V4>=12),5,"")))))))))))))))) -> 3 | X4: =15-($H4+$I4+$J4) -> 7 | Y4: =IF(AND(B4="male",X4<=5),1,(IF(AND(B4="male",X4>=6,X4<=7),2,(IF(AND(B4="male",X4>=8,X4<=9),3,(IF(AND(B4="male",X4>=10,X4<=11),4,IF(AND(B4="male",X4>=12),5,IF(AND(B4="female",X4<=4),1,(IF(AND(B4="female",X4>=5,X4<=6),2,(IF(AND(B4="female",X4>=7,X4<=8),3,(IF(AND(B4="female",X4>=9,X4<=10),4,IF(AND(B4="female",X4>=11),5,"")))))))))))))))) -> 3 | Z4: =5-$K4 -> 1 | AA4: =IF(Z4=1,2,IF(Z4=2,3,(IF(Z4=3,4,(IF(Z4=4,5,"")))))) -> 2 | AB4: =10-($P4+Q4)+$R4 -> 6 | AC4: =IF((AB4=3),1,(IF(AND(AB4>=4,AB4<=5),2,(IF(AND(AB4>=6,AB4<=7),3,(IF(AND(AB4>=8,AB4<=9),4,IF(AB4>=10,5,"")))))))) -> 3 | AD4: =5-$S4 -> 3 | AE4: =IF(AND(B4="male",AD4=1),2,IF(AND(B4="male",AD4=2),3,(IF(AND(B4="male",AD4=3),4,(IF(AND(B4="male",AD4=4),5,IF(AND(B4="female",AD4=1),1,IF(AND(B4="female",AD4=2),3,(IF(AND(B4="female",AD4=3),4,(IF(AND(B4="female",AD4=4),5,"")))))))))))) -> 4 | AF4: =15-($L4+$M4+$N4) -> 9 | AG4: =IF(AND(B4="male",AF4<=4),5,(IF(AND(B4="male",AF4>=5,AF4<=6),4,(IF(AND(B4="male",AF4>=7,AF4<=8),3,(IF(AND(B4="male",AF4>=9,AF4<=10),2,IF(AND(B4="male",AF4>=11),1,IF(AND(B4="female",AF4<=3),5,(IF(AND(B4="female",AF4>=4,AF4<=5),4,(IF(AND(B4="female",AF4>=6,AF4<=8),3,(IF(AND(B4="female",AF4>=9,AF4<=10),2,IF(AND(B4="female",AF4>=11),1,"")))))))))))))))) -> 2 | AH4: =$O4 -> 3 | AI4: =IF(AH4=1,5,IF(AH4=2,4,(IF(AH4=3,3,(IF(AH4=4,2,"")))))) -> 3 | AJ4: =5-$T4 -> 2 | AK4: =IF(AJ4=1,5,IF(AJ4=2,4,(IF(AJ4=3,3,(IF(AJ4=4,1,"")))))) -> 4 | AL4: =5-$U4 -> 2 | AM4: =IF(AL4=1,5,IF(AL4=2,4,(IF(AL4=3,3,(IF(AL4=4,1,"")))))) -> 4 | AN4: =IF(('2回目フォームの回答 '!T4="ほとんどなかった"),1,(IF(('2回目フォームの回答 '!T4="ときどきあった"),2,(IF(('2回目フォームの回答 '!T4="しばしばあった"),3,(IF(('2回目フォームの回答 '!T4="ほとんどいつもあった"),4,""))))))) -> 2 | AO4: =IF(('2回目フォームの回答 '!U4="ほとんどなかった"),1,(IF(('2回目フォームの回答 '!U4="ときどきあった"),2,(IF(('2回目フォームの回答 '!U4="しばしばあった"),3,(IF(('2回目フォームの回答 '!U4="ほとんどいつもあった"),4,""))))))) -> 2 | AP4: =IF(('2回目フォームの回答 '!V4="ほとんどなかった"),1,(IF(('2回目フォームの回答 '!V4="ときどきあった"),2,(IF(('2回目フォームの回答 '!V4="しばしばあった"),3,(IF(('2回目フォームの回答 '!V4="ほとんどいつもあった"),4,""))))))) -> 2 | AQ4: =IF(('2回目フォームの回答 '!W4="ほとんどなかった"),1,(IF(('2回目フォームの回答 '!W4="ときどきあった"),2,(IF(('2回目フォームの回答 '!W4="しばしばあった"),3,(IF(('2回目フォームの回答 '!W4="ほとんどいつもあった"),4,""))))))) -> 3 | AR4: =IF(('2回目フォームの回答 '!X4="ほとんどなかった"),1,(IF(('2回目フォームの回答 '!X4="ときどきあった"),2,(IF(('2回目フォームの回答 '!X4="しばしばあった"),3,(IF(('2回目フォームの回答 '!X4="ほとんどいつもあった"),4,""))))))) -> 3 | AS4: =IF(('2回目フォームの回答 '!Y4="ほとんどなかった"),1,(IF(('2回目フォームの回答 '!Y4="ときどきあった"),2,(IF(('2回目フォームの回答 '!Y4="しばしばあった"),3,(IF(('2回目フォームの回答 '!Y4="ほとんどいつもあった"),4,""))))))) -> 4 | AT4: =IF(('2回目フォームの回答 '!Z4="ほとんどなかった"),1,(IF(('2回目フォームの回答 '!Z4="ときどきあった"),2,(IF(('2回目フォームの回答 '!Z4="しばしばあった"),3,(IF(('2回目フォームの回答 '!Z4="ほとんどいつもあった"),4,""))))))) -> 4 | AU4: =IF(('2回目フォームの回答 '!AA4="ほとんどなかった"),1,(IF(('2回目フォームの回答 '!AA4="ときどきあった"),2,(IF(('2回目フォームの回答 '!AA4="しばしばあった"),3,(IF(('2回目フォームの回答 '!AA4="ほとんどいつもあった"),4,""))))))) -> 4 | AV4: =IF(('2回目フォームの回答 '!AB4="ほとんどなかった"),1,(IF(('2回目フォームの回答 '!AB4="ときどきばあった"),2,(IF(('2回目フォームの回答 '!AB4="しばしばあった"),3,(IF(('2回目フォームの回答 '!AB4="ほとんどいつもあった"),4,""))))))) -> 4 | AW4: =IF(('2回目フォームの回答 '!AC4="ほとんどなかった"),1,(IF(('2回目フォームの回答 '!AC4="ときどきあった"),2,(IF(('2回目フォームの回答 '!AC4="しばしばあった"),3,(IF(('2回目フォームの回答 '!AC4="ほとんどいつもあった"),4,""))))))) -> 4 | AX4: =IF(('2回目フォームの回答 '!AD4="ほとんどなかった"),1,(IF(('2回目フォームの回答 '!AD4="ときどきあった"),2,(IF(('2回目フォームの回答 '!AD4="しばしばあった"),3,(IF(('2回目フォームの回答 '!AD4="ほとんどいつもあった"),4,""))))))) -> 3 | AY4: =IF(('2回目フォームの回答 '!AE4="ほとんどなかった"),1,(IF(('2回目フォームの回答 '!AE4="ときどきあった"),2,(IF(('2回目フォームの回答 '!AE4="しばしばあった"),3,(IF(('2回目フォームの回答 '!AE4="ほとんどいつもあった"),4,""))))))) -> 2 | AZ4: =IF(('2回目フォームの回答 '!AF4="ほとんどなかった"),1,(IF(('2回目フォームの回答 '!AF4="ときどきあった"),2,(IF(('2回目フォームの回答 '!AF4="しばしばあった"),3,(IF(('2回目フォームの回答 '!AF4="ほとんどいつもあった"),4,""))))))) -> 2 | BA4: =IF(('2回目フォームの回答 '!AG4="ほとんどなかった"),1,(IF(('2回目フォームの回答 '!AG4="ときどきあった"),2,(IF(('2回目フォームの回答 '!AG4="しばしばあった"),3,(IF(('2回目フォームの回答 '!AG4="ほとんどいつもあった"),4,""))))))) -> 2 | BB4: =IF(('2回目フォームの回答 '!AH4="ほとんどなかった"),1,(IF(('2回目フォームの回答 '!AH4="ときどきあった"),2,(IF(('2回目フォームの回答 '!AH4="しばしばあった"),3,(IF(('2回目フォームの回答 '!AH4="ほとんどいつもあった"),4,""))))))) -> 2 | BC4: =IF(('2回目フォームの回答 '!AI4="ほとんどなかった"),1,(IF(('2回目フォームの回答 '!AI4="ときどきあった"),2,(IF(('2回目フォームの回答 '!AI4="しばしばあった"),3,(IF(('2回目フォームの回答 '!AI4="ほとんどいつもあった"),4,""))))))) -> 3 | BD4: =IF(('2回目フォームの回答 '!AJ4="ほとんどなかった"),1,(IF(('2回目フォームの回答 '!AJ4="ときどきあった"),2,(IF(('2回目フォームの回答 '!AJ4="しばしばあった"),3,(IF(('2回目フォームの回答 '!AJ4="ほとんどいつもあった"),4,""))))))) -> 2 | ... BP4: =IF(('2回目フォームの回答 '!AV4="ほとんどなかった"),1,(IF(('2回目フォームの回答 '!AV4="ときどきあった"),2,(IF(('2回目フォームの回答 '!AV4="しばしばあった"),3,(IF(('2回目フォームの回答 '!AV4="ほとんどいつもあった"),4,""))))))) -> 4 | BQ4: =$AN4+$AO4+$AP4 -> 6 | BR4: =IF((BQ4=3),5,(IF(AND(BQ4>=4,BQ4<=5),4,(IF(AND(BQ4>=6,BQ4<=7),3,(IF(AND(BQ4>=8,BQ4<=9),2,IF(BQ4>=10,1,"")))))))) -> 3 | BS4: =$AQ4+$AR4+$AS4 -> 10 | BT4: =IF(AND(B4="male",BS4=3),1,(IF(AND(B4="male",BS4>=4,BS4<=5),2,(IF(AND(B4="male",BS4>=6,BS4<=7),3,(IF(AND(B4="male",BS4>=8,BS4<=9),4,IF(AND(B4="male",BS4>=10),5,IF(AND(B4="female",BS4=3),1,(IF(AND(B4="female",BS4>=4,BS4<=5),2,(IF(AND(B4="female",BS4>=6,BS4<=8),3,(IF(AND(B4="female",BS4>=9,BS4<=10),4,IF(AND(B4="female",BS4>=11),5,"")))))))))))))))) -> 4 | BU4: =$AT4+$AU4+$AV4 -> 12 | BV4: =IF(AND(B4="male",BU4=3),1,(IF(AND(B4="male",BU4=4),2,(IF(AND(B4="male",BU4>=5,BU4<=7),3,(IF(AND(B4="male",BU4>=8,BU4<=10),4,IF(AND(B4="male",BU4>=11),5,IF(AND(B4="female",BU4=3),1,(IF(AND(B4="female",BU4>=4,BU4<=5),2,(IF(AND(B4="female",BU4>=6,BU4<=8),3,(IF(AND(B4="female",BU4>=9,BU4<=11),4,IF(AND(B4="female",BU4>=12),5,"")))))))))))))))) -> 5 | BW4: =$AW4+$AX4+$AY4 -> 9 | BX4: =IF(AND(B4="male",BW4=3),1,(IF(AND(B4="male",BW4=4),2,(IF(AND(B4="male",BW4>=5,BW4<=7),3,(IF(AND(B4="male",BW4>=8,BW4<=9),4,(IF(AND(B4="male",BW4>=10),5,(IF(AND(B4="female",BW4=3),1,(IF(AND(B4="female",BW4=4),2,(IF(AND(B4="female",BW4>=5,BW4<=7),3,(IF(AND(B4="female",BW4>=8,BW4<=10),4,IF(AND(B4="female",BW4>=11),5,"")))))))))))))))))) -> 4 | BY4: =SUM($AZ4:$BE4) -> 12 | BZ4: =IF(AND(B4="male",BY4=6),1,(IF(AND(B4="male",BY4>=7,BY4<=8),2,(IF(AND(B4="male",BY4>=9,BY4<=12),3,(IF(AND(B4="male",BY4>=13,BY4<=16),4,IF(AND(B4="male",BY4>=17),5,IF(AND(B4="female",BY4=6),1,(IF(AND(B4="female",BY4>=7,BY4<=8),2,(IF(AND(B4="female",BY4>=9,BY4<=12),3,(IF(AND(B4="female",BY4>=13,BY4<=17),4,IF(AND(B4="female",BY4>=18),5,"")))))))))))))))) -> 3 | CA4: =SUM($BF4:$BP4) -> 27 | CB4: =IF(AND(B4="male",CA4=11),1,(IF(AND(B4="male",CA4>=12,CA4<=15),2,(IF(AND(B4="male",CA4>=16,CA4<=21),3,(IF(AND(B4="male",CA4>=22,CA4<=26),4,IF(AND(B4="male",CA4>=27),5,IF(AND(B4="female",CA4<=13),1,(IF(AND(B4="female",CA4>=14,CA4<=17),2,(IF(AND(B4="female",CA4>=18,CA4<=23),3,(IF(AND(B4="female",CA4>=24,CA4<=29),4,IF(AND(B4="female",CA4>=30),5,"")))))))))))))))) -> 4 | CC4: =IF(('2回目フォームの回答 '!AW4="非常に"),1,(IF(('2回目フォームの回答 '!AW4="かなり"),2,(IF(('2回目フォームの回答 '!AW4="多少"),3,(IF(('2回目フォームの回答 '!AW4="全くない"),4,""))))))) -> 3 | CD4: =IF(('2回目フォームの回答 '!AX4="非常に"),1,(IF(('2回目フォームの回答 '!AX4="かなり"),2,(IF(('2回目フォームの回答 '!AX4="多少"),3,(IF(('2回目フォームの回答 '!AX4="全くない"),4,""))))))) -> 2 | CE4: =IF(('2回目フォームの回答 '!AY4="非常に"),1,(IF(('2回目フォームの回答 '!AY4="かなり"),2,(IF(('2回目フォームの回答 '!AY4="多少"),3,(IF(('2回目フォームの回答 '!AY4="全くない"),4,""))))))) -> 1 | CF4: =IF(('2回目フォームの回答 '!AZ4="非常に"),1,(IF(('2回目フォームの回答 '!AZ4="かなり"),2,(IF(('2回目フォームの回答 '!AZ4="多少"),3,(IF(('2回目フォームの回答 '!AZ4="全くない"),4,""))))))) -> 2 | CG4: =IF(('2回目フォームの回答 '!BA4="非常に"),1,(IF(('2回目フォームの回答 '!BA4="かなり"),2,(IF(('2回目フォームの回答 '!BA4="多少"),3,(IF(('2回目フォームの回答 '!BA4="全くない"),4,""))))))) -> 1 | CH4: =IF(('2回目フォームの回答 '!BB4="非常に"),1,(IF(('2回目フォームの回答 '!BB4="かなり"),2,(IF(('2回目フォームの回答 '!BB4="多少"),3,(IF(('2回目フォームの回答 '!BB4="全くない"),4,""))))))) -> 1 | CI4: =IF(('2回目フォームの回答 '!BC4="非常に"),1,(IF(('2回目フォームの回答 '!BC4="かなり"),2,(IF(('2回目フォームの回答 '!BC4="多少"),3,(IF(('2回目フォームの回答 '!BC4="全くない"),4,""))))))) -> 3 | CJ4: =IF(('2回目フォームの回答 '!BD4="非常に"),1,(IF(('2回目フォームの回答 '!BD4="かなり"),2,(IF(('2回目フォームの回答 '!BD4="多少"),3,(IF(('2回目フォームの回答 '!BD4="全くない"),4,""))))))) -> 2 | CK4: =IF(('2回目フォームの回答 '!BE4="非常に"),1,(IF(('2回目フォームの回答 '!BE4="かなり"),2,(IF(('2回目フォームの回答 '!BE4="多少"),3,(IF(('2回目フォームの回答 '!BE4="全くない"),4,""))))))) -> 1 | CL4: =IF(('2回目フォームの回答 '!BF4="満足"),1,(IF(('2回目フォームの回答 '!BF4="まぁ満足"),2,(IF(('2回目フォームの回答 '!BF4="やや満足"),3,(IF(('2回目フォームの回答 '!BF4="不満足"),4,""))))))) -> 3 | CM4: =IF(('2回目フォームの回答 '!BG4="満足"),1,(IF(('2回目フォームの回答 '!BG4="まぁ満足"),2,(IF(('2回目フォームの回答 '!BG4="やや満足"),3,(IF(('2回目フォームの回答 '!BG4="不満足"),4,""))))))) -> 1 | CN4: =15-($CC4+$CF4+$CI4) -> 7 | CO4: =IF(AND(B4="male",CN4<=4),5,(IF(AND(B4="male",CN4>=5,CN4<=6),4,(IF(AND(B4="male",CN4>=7,CN4<=8),3,(IF(AND(B4="male",CN4>=9,CN4<=10),2,IF(AND(B4="male",CN4>=11),1,IF(AND(B4="female",CN4<=3),5,(IF(AND(B4="female",CN4>=4,CN4<=5),4,(IF(AND(B4="female",CN4>=6,CN4<=7),3,(IF(AND(B4="female",CN4>=8,CN4<=10),2,IF(AND(B4="female",CN4>=11),1,"")))))))))))))))) -> 3 | CP4: =15-($CD4+$CG4+$CJ4) -> 10 | CQ4: =IF((CP4<=5),5,(IF(AND(CP4>=6,CP4<=7),4,(IF(AND(CP4>=8,CP4<=9),3,(IF(AND(CP4>=10,AF4<=11),2,IF(AF4>=12,1,"")))))))) -> 2 | CR4: =15-($CE4+$CH4+$CK4) -> 12 | CS4: =IF((CR4<=6),5,(IF(AND(CR4>=7,CR4<=8),4,IF((CR4=9),3,IF(AND(CR4>=10,CR4<=11),2,IF(CR4>=12,1,"")))))) -> 1 | CT4: =10-($CL4+$CM4) -> 6 | CU4: =IF((CT4<=3),5,(IF((CT4=4),4,IF(AND(CT4>=5,CT4<=6),3,IF((CT4=7),2,IF(CT4>=8,1,"")))))) -> 3 | CV4: =BR4+BT4+BV4+BX4+BZ4+CB4 -> 23 | CW4: =W4+Y4+AA4+AC4+AE4+AG4+AI4+AK4+AM4 -> 28 | CX4: =CO4+CQ4+CS4 -> 6 | CY4: =IF((CV4>=24),"高",IF(AND(CV4>=19,CV4<=23,(CW4+CX4)>=46),"高",IF(AND(CV4>=19,CV4<=23,(CW4+CX4)>=12,(CW4+CX4)<=45),"中①",IF(AND(CV4>=6,CV4<=18,(CW4+CX4)>=46),"中②","低")))) -> 中① | CZ4: ='2回目フォームの回答 '!BH4 -> 0.7 | DA4: =1-CZ4 -> 0.3 | DB4: =IF(('2回目フォームの回答 '!BI4="いつもより寝つきは良い"),0,(IF(('2回目フォームの回答 '!BI4="いつもより少し時間がかかった"),1,(IF(('2回目フォームの回答 '!BI4="いつもよりかなり時間がかかった"),2,(IF(('2回目フォームの回答 '!BI4="いつもより非常に時間がかかった、あるいは全く眠れなかった"),3,""))))))) -> 1 | DC4: =IF(('2回目フォームの回答 '!BJ4="問題になるほどのことはなかった"),0,(IF(('2回目フォームの回答 '!BJ4="少し困ることがある"),1,(IF(('2回目フォームの回答 '!BJ4="かなり困っている"),2,(IF(('2回目フォームの回答 '!BJ4="深刻な状態、あるいは全く眠れなかった"),3,""))))))) -> 2 | DD4: =IF(('2回目フォームの回答 '!BK4="そのようなことはなかった"),0,(IF(('2回目フォームの回答 '!BK4="少し早かった"),1,(IF(('2回目フォームの回答 '!BK4="かなり早かった"),2,(IF(('2回目フォームの回答 '!BK4="非常に早かった、あるいは全く眠れなかった"),3,""))))))) -> 1 | DE4: =IF(('2回目フォームの回答 '!BL4="十分である"),0,(IF(('2回目フォームの回答 '!BL4="少し足りない"),1,(IF(('2回目フォームの回答 '!BL4="かなり足りない"),2,(IF(('2回目フォームの回答 '!BL4="全く足りない、あるいは全く眠れなかった"),3,""))))))) -> 2 | DF4: =IF(('2回目フォームの回答 '!BM4="満足している"),0,(IF(('2回目フォームの回答 '!BM4="少し不満である"),1,(IF(('2回目フォームの回答 '!BM4="かなり不満である"),2,(IF(('2回目フォームの回答 '!BM4="非常に不満である、あるいは全く眠れなかった"),3,""))))))) -> 2 | DG4: =IF(('2回目フォームの回答 '!BN4="いつもどおり"),0,(IF(('2回目フォームの回答 '!BN4="少し滅入った"),1,(IF(('2回目フォームの回答 '!BN4="かなり滅入った"),2,(IF(('2回目フォームの回答 '!BN4="非常に滅入った"),3,""))))))) -> 2 | DH4: =IF(('2回目フォームの回答 '!BO4="いつもどおり"),0,(IF(('2回目フォームの回答 '!BO4="少し低下した"),1,(IF(('2回目フォームの回答 '!BO4="かなり低下した"),2,(IF(('2回目フォームの回答 '!BO4="非常に低下した"),3,""))))))) -> 0 | DI4: =IF(('2回目フォームの回答 '!BP4="全くなかった"),0,(IF(('2回目フォームの回答 '!BP4="少しあった"),1,(IF(('2回目フォームの回答 '!BP4="かなりあった"),2,(IF(('2回目フォームの回答 '!BP4="激しかった"),3,""))))))) -> 3 | DJ4: =SUM(DB4:DI4) -> 13 | DK4: =IF((DJ4<=3),"低",(IF(AND(DJ4>=4,DJ4<=5),"中",(IF((DJ4>=6),"高",""))))) -> 高 | DL4: 0.4 | DM4: 0.2 | DN4: 1.5 | DO4: =DL4+DM4+DN4 -> 2.1 | DS4: 0.36944444 | DT4: 304 | DU4: =INDEX('1回目結果'!DR:DR,MATCH($DT4,'1回目結果'!$A:$A,0)) -> 0.824 | DV4: =INDEX('1回目結果'!DS:DS,MATCH($DT4,'1回目結果'!$A:$A,0)) -> 116.69 | DW4: =INDEX('1回目結果'!DT:DT,MATCH($DT4,'1回目結果'!$A:$A,0)) -> 0.71 | DX4: =INDEX('1回目結果'!DU:DU,MATCH($DT4,'1回目結果'!$A:$A,0)) -> 36 | DY4: =IFERROR(INDEX('1回目結果'!DL:DL,MATCH('2回目結果'!$DT4,'1回目結果'!$A:$A,0)),"") -> 0.1 | DZ4: =IFERROR(INDEX('1回目結果'!DM:DM,MATCH('2回目結果'!$DT4,'1回目結果'!$A:$A,0)),"") -> 0.9 | EA4: =IFERROR(INDEX('1回目結果'!DN:DN,MATCH('2回目結果'!$DT4,'1回目結果'!$A:$A,0)),"") -> 1.2 | EB4: =IFERROR(INDEX('1回目結果'!DO:DO,MATCH('2回目結果'!$DT4,'1回目結果'!$A:$A,0)),"") -> 2.2 | EC4: =IFERROR(INDEX('1回目結果'!DP:DP,MATCH('2回目結果'!$DT4,'1回目結果'!$A:$A,0)),"") -> 0 | ED4: =IFERROR(INDEX('1回目結果'!DQ:DQ,MATCH('2回目結果'!$DT4,'1回目結果'!$A:$A,0)),"") -> 0 | EE4: 1.356 | EF4: 253.74 | EG4: 0.53 | EH4: 27 | EI4: メンタルアラートなし（-） | EJ4: =EH4/DX4 -> 0.75 | EK4: =EG4/DW4 -> 0.74647887 | EL4: =DO4-EB4 -> -0.1 | EM4: =DN4-EA4 -> 0.3
A5: 324 | B5: male | C5: 34739 | D5: 29 | E5: =IF(('2回目フォームの回答 '!C5="そうだ"),1,(IF(('2回目フォームの回答 '!C5="まぁそうだ"),2,(IF(('2回目フォームの回答 '!C5="ややちがう"),3,(IF(('2回目フォームの回答 '!C5="ちがう"),4,""))))))) -> 2 | F5: =IF(('2回目フォームの回答 '!D5="そうだ"),1,(IF(('2回目フォームの回答 '!D5="まぁそうだ"),2,(IF(('2回目フォームの回答 '!D5="ややちがう"),3,(IF(('2回目フォームの回答 '!D5="ちがう"),4,""))))))) -> 3 | G5: =IF(('2回目フォームの回答 '!E5="そうだ"),1,(IF(('2回目フォームの回答 '!E5="まぁそうだ"),2,(IF(('2回目フォームの回答 '!E5="ややちがう"),3,(IF(('2回目フォームの回答 '!E5="ちがう"),4,""))))))) -> 1 | H5: =IF(('2回目フォームの回答 '!F5="そうだ"),1,(IF(('2回目フォームの回答 '!F5="まぁそうだ"),2,(IF(('2回目フォームの回答 '!F5="ややちがう"),3,(IF(('2回目フォームの回答 '!F5="ちがう"),4,""))))))) -> 2 | I5: =IF(('2回目フォームの回答 '!G5="そうだ"),1,(IF(('2回目フォームの回答 '!G5="まぁそうだ"),2,(IF(('2回目フォームの回答 '!G5="ややちがう"),3,(IF(('2回目フォームの回答 '!G5="ちがう"),4,""))))))) -> 2 | J5: =IF(('2回目フォームの回答 '!H5="そうだ"),1,(IF(('2回目フォームの回答 '!H5="まぁそうだ"),2,(IF(('2回目フォームの回答 '!H5="ややちがう"),3,(IF(('2回目フォームの回答 '!H5="ちがう"),4,""))))))) -> 2 | K5: =IF(('2回目フォームの回答 '!I5="そうだ"),1,(IF(('2回目フォームの回答 '!I5="まぁそうだ"),2,(IF(('2回目フォームの回答 '!I5="ややちがう"),3,(IF(('2回目フォームの回答 '!I5="ちがう"),4,""))))))) -> 3 | L5: =IF(('2回目フォームの回答 '!J5="そうだ"),1,(IF(('2回目フォームの回答 '!J5="まぁそうだ"),2,(IF(('2回目フォームの回答 '!J5="ややちがう"),3,(IF(('2回目フォームの回答 '!J5="ちがう"),4,""))))))) -> 1 | ... U5: =IF(('2回目フォームの回答 '!S5="そうだ"),1,(IF(('2回目フォームの回答 '!S5="まぁそうだ"),2,(IF(('2回目フォームの回答 '!S5="ややちがう"),3,(IF(('2回目フォームの回答 '!S5="ちがう"),4,""))))))) -> 1 | V5: =15-($E5+$F5+$G5) -> 9 | W5: =IF(AND(B5="male",V5<=5),1,(IF(AND(B5="male",V5>=6,V5<=7),2,(IF(AND(B5="male",V5>=8,V5<=9),3,(IF(AND(B5="male",V5>=10,V5<=11),4,IF(AND(B5="male",V5>=12),5,IF(AND(B5="female",V5<=4),1,(IF(AND(B5="female",V5>=5,V5<=6),2,(IF(AND(B5="female",V5>=7,V5<=9),3,(IF(AND(B5="female",V5>=10,V5<=11),4,IF(AND(B5="female",V5>=12),5,"")))))))))))))))) -> 3 | X5: =15-($H5+$I5+$J5) -> 9 | Y5: =IF(AND(B5="male",X5<=5),1,(IF(AND(B5="male",X5>=6,X5<=7),2,(IF(AND(B5="male",X5>=8,X5<=9),3,(IF(AND(B5="male",X5>=10,X5<=11),4,IF(AND(B5="male",X5>=12),5,IF(AND(B5="female",X5<=4),1,(IF(AND(B5="female",X5>=5,X5<=6),2,(IF(AND(B5="female",X5>=7,X5<=8),3,(IF(AND(B5="female",X5>=9,X5<=10),4,IF(AND(B5="female",X5>=11),5,"")))))))))))))))) -> 3 | Z5: =5-$K5 -> 2 | AA5: =IF(Z5=1,2,IF(Z5=2,3,(IF(Z5=3,4,(IF(Z5=4,5,"")))))) -> 3 | AB5: =10-($P5+Q5)+$R5 -> 6 | AC5: =IF((AB5=3),1,(IF(AND(AB5>=4,AB5<=5),2,(IF(AND(AB5>=6,AB5<=7),3,(IF(AND(AB5>=8,AB5<=9),4,IF(AB5>=10,5,"")))))))) -> 3 | AD5: =5-$S5 -> 1 | AE5: =IF(AND(B5="male",AD5=1),2,IF(AND(B5="male",AD5=2),3,(IF(AND(B5="male",AD5=3),4,(IF(AND(B5="male",AD5=4),5,IF(AND(B5="female",AD5=1),1,IF(AND(B5="female",AD5=2),3,(IF(AND(B5="female",AD5=3),4,(IF(AND(B5="female",AD5=4),5,"")))))))))))) -> 2 | AF5: =15-($L5+$M5+$N5) -> 12 | AG5: =IF(AND(B5="male",AF5<=4),5,(IF(AND(B5="male",AF5>=5,AF5<=6),4,(IF(AND(B5="male",AF5>=7,AF5<=8),3,(IF(AND(B5="male",AF5>=9,AF5<=10),2,IF(AND(B5="male",AF5>=11),1,IF(AND(B5="female",AF5<=3),5,(IF(AND(B5="female",AF5>=4,AF5<=5),4,(IF(AND(B5="female",AF5>=6,AF5<=8),3,(IF(AND(B5="female",AF5>=9,AF5<=10),2,IF(AND(B5="female",AF5>=11),1,"")))))))))))))))) -> 1 | AH5: =$O5 -> 4 | AI5: =IF(AH5=1,5,IF(AH5=2,4,(IF(AH5=3,3,(IF(AH5=4,2,"")))))) -> 2 | AJ5: =5-$T5 -> 4 | AK5: =IF(AJ5=1,5,IF(AJ5=2,4,(IF(AJ5=3,3,(IF(AJ5=4,1,"")))))) -> 1 | AL5: =5-$U5 -> 4 | AM5: =IF(AL5=1,5,IF(AL5=2,4,(IF(AL5=3,3,(IF(AL5=4,1,"")))))) -> 1 | AN5: =IF(('2回目フォームの回答 '!T5="ほとんどなかった"),1,(IF(('2回目フォームの回答 '!T5="ときどきあった"),2,(IF(('2回目フォームの回答 '!T5="しばしばあった"),3,(IF(('2回目フォームの回答 '!T5="ほとんどいつもあった"),4,""))))))) -> 3 | AO5: =IF(('2回目フォームの回答 '!U5="ほとんどなかった"),1,(IF(('2回目フォームの回答 '!U5="ときどきあった"),2,(IF(('2回目フォームの回答 '!U5="しばしばあった"),3,(IF(('2回目フォームの回答 '!U5="ほとんどいつもあった"),4,""))))))) -> 4 | AP5: =IF(('2回目フォームの回答 '!V5="ほとんどなかった"),1,(IF(('2回目フォームの回答 '!V5="ときどきあった"),2,(IF(('2回目フォームの回答 '!V5="しばしばあった"),3,(IF(('2回目フォームの回答 '!V5="ほとんどいつもあった"),4,""))))))) -> 4 | AQ5: =IF(('2回目フォームの回答 '!W5="ほとんどなかった"),1,(IF(('2回目フォームの回答 '!W5="ときどきあった"),2,(IF(('2回目フォームの回答 '!W5="しばしばあった"),3,(IF(('2回目フォームの回答 '!W5="ほとんどいつもあった"),4,""))))))) -> 2 | AR5: =IF(('2回目フォームの回答 '!X5="ほとんどなかった"),1,(IF(('2回目フォームの回答 '!X5="ときどきあった"),2,(IF(('2回目フォームの回答 '!X5="しばしばあった"),3,(IF(('2回目フォームの回答 '!X5="ほとんどいつもあった"),4,""))))))) -> 2 | AS5: =IF(('2回目フォームの回答 '!Y5="ほとんどなかった"),1,(IF(('2回目フォームの回答 '!Y5="ときどきあった"),2,(IF(('2回目フォームの回答 '!Y5="しばしばあった"),3,(IF(('2回目フォームの回答 '!Y5="ほとんどいつもあった"),4,""))))))) -> 2 | AT5: =IF(('2回目フォームの回答 '!Z5="ほとんどなかった"),1,(IF(('2回目フォームの回答 '!Z5="ときどきあった"),2,(IF(('2回目フォームの回答 '!Z5="しばしばあった"),3,(IF(('2回目フォームの回答 '!Z5="ほとんどいつもあった"),4,""))))))) -> 2 | AU5: =IF(('2回目フォームの回答 '!AA5="ほとんどなかった"),1,(IF(('2回目フォームの回答 '!AA5="ときどきあった"),2,(IF(('2回目フォームの回答 '!AA5="しばしばあった"),3,(IF(('2回目フォームの回答 '!AA5="ほとんどいつもあった"),4,""))))))) -> 1 | AV5: =IF(('2回目フォームの回答 '!AB5="ほとんどなかった"),1,(IF(('2回目フォームの回答 '!AB5="ときどきばあった"),2,(IF(('2回目フォームの回答 '!AB5="しばしばあった"),3,(IF(('2回目フォームの回答 '!AB5="ほとんどいつもあった"),4,""))))))) -> 1 | AW5: =IF(('2回目フォームの回答 '!AC5="ほとんどなかった"),1,(IF(('2回目フォームの回答 '!AC5="ときどきあった"),2,(IF(('2回目フォームの回答 '!AC5="しばしばあった"),3,(IF(('2回目フォームの回答 '!AC5="ほとんどいつもあった"),4,""))))))) -> 2 | AX5: =IF(('2回目フォームの回答 '!AD5="ほとんどなかった"),1,(IF(('2回目フォームの回答 '!AD5="ときどきあった"),2,(IF(('2回目フォームの回答 '!AD5="しばしばあった"),3,(IF(('2回目フォームの回答 '!AD5="ほとんどいつもあった"),4,""))))))) -> 2 | AY5: =IF(('2回目フォームの回答 '!AE5="ほとんどなかった"),1,(IF(('2回目フォームの回答 '!AE5="ときどきあった"),2,(IF(('2回目フォームの回答 '!AE5="しばしばあった"),3,(IF(('2回目フォームの回答 '!AE5="ほとんどいつもあった"),4,""))))))) -> 1 | AZ5: =IF(('2回目フォームの回答 '!AF5="ほとんどなかった"),1,(IF(('2回目フォームの回答 '!AF5="ときどきあった"),2,(IF(('2回目フォームの回答 '!AF5="しばしばあった"),3,(IF(('2回目フォームの回答 '!AF5="ほとんどいつもあった"),4,""))))))) -> 1 | BA5: =IF(('2回目フォームの回答 '!AG5="ほとんどなかった"),1,(IF(('2回目フォームの回答 '!AG5="ときどきあった"),2,(IF(('2回目フォームの回答 '!AG5="しばしばあった"),3,(IF(('2回目フォームの回答 '!AG5="ほとんどいつもあった"),4,""))))))) -> 1 | BB5: =IF(('2回目フォームの回答 '!AH5="ほとんどなかった"),1,(IF(('2回目フォームの回答 '!AH5="ときどきあった"),2,(IF(('2回目フォームの回答 '!AH5="しばしばあった"),3,(IF(('2回目フォームの回答 '!AH5="ほとんどいつもあった"),4,""))))))) -> 2 | BC5: =IF(('2回目フォームの回答 '!AI5="ほとんどなかった"),1,(IF(('2回目フォームの回答 '!AI5="ときどきあった"),2,(IF(('2回目フォームの回答 '!AI5="しばしばあった"),3,(IF(('2回目フォームの回答 '!AI5="ほとんどいつもあった"),4,""))))))) -> 2 | BD5: =IF(('2回目フォームの回答 '!AJ5="ほとんどなかった"),1,(IF(('2回目フォームの回答 '!AJ5="ときどきあった"),2,(IF(('2回目フォームの回答 '!AJ5="しばしばあった"),3,(IF(('2回目フォームの回答 '!AJ5="ほとんどいつもあった"),4,""))))))) -> 1 | ... BP5: =IF(('2回目フォームの回答 '!AV5="ほとんどなかった"),1,(IF(('2回目フォームの回答 '!AV5="ときどきあった"),2,(IF(('2回目フォームの回答 '!AV5="しばしばあった"),3,(IF(('2回目フォームの回答 '!AV5="ほとんどいつもあった"),4,""))))))) -> 1 | BQ5: =$AN5+$AO5+$AP5 -> 11 | BR5: =IF((BQ5=3),5,(IF(AND(BQ5>=4,BQ5<=5),4,(IF(AND(BQ5>=6,BQ5<=7),3,(IF(AND(BQ5>=8,BQ5<=9),2,IF(BQ5>=10,1,"")))))))) -> 1 | BS5: =$AQ5+$AR5+$AS5 -> 6 | BT5: =IF(AND(B5="male",BS5=3),1,(IF(AND(B5="male",BS5>=4,BS5<=5),2,(IF(AND(B5="male",BS5>=6,BS5<=7),3,(IF(AND(B5="male",BS5>=8,BS5<=9),4,IF(AND(B5="male",BS5>=10),5,IF(AND(B5="female",BS5=3),1,(IF(AND(B5="female",BS5>=4,BS5<=5),2,(IF(AND(B5="female",BS5>=6,BS5<=8),3,(IF(AND(B5="female",BS5>=9,BS5<=10),4,IF(AND(B5="female",BS5>=11),5,"")))))))))))))))) -> 3 | BU5: =$AT5+$AU5+$AV5 -> 4 | BV5: =IF(AND(B5="male",BU5=3),1,(IF(AND(B5="male",BU5=4),2,(IF(AND(B5="male",BU5>=5,BU5<=7),3,(IF(AND(B5="male",BU5>=8,BU5<=10),4,IF(AND(B5="male",BU5>=11),5,IF(AND(B5="female",BU5=3),1,(IF(AND(B5="female",BU5>=4,BU5<=5),2,(IF(AND(B5="female",BU5>=6,BU5<=8),3,(IF(AND(B5="female",BU5>=9,BU5<=11),4,IF(AND(B5="female",BU5>=12),5,"")))))))))))))))) -> 2 | BW5: =$AW5+$AX5+$AY5 -> 5 | BX5: =IF(AND(B5="male",BW5=3),1,(IF(AND(B5="male",BW5=4),2,(IF(AND(B5="male",BW5>=5,BW5<=7),3,(IF(AND(B5="male",BW5>=8,BW5<=9),4,(IF(AND(B5="male",BW5>=10),5,(IF(AND(B5="female",BW5=3),1,(IF(AND(B5="female",BW5=4),2,(IF(AND(B5="female",BW5>=5,BW5<=7),3,(IF(AND(B5="female",BW5>=8,BW5<=10),4,IF(AND(B5="female",BW5>=11),5,"")))))))))))))))))) -> 3 | BY5: =SUM($AZ5:$BE5) -> 9 | BZ5: =IF(AND(B5="male",BY5=6),1,(IF(AND(B5="male",BY5>=7,BY5<=8),2,(IF(AND(B5="male",BY5>=9,BY5<=12),3,(IF(AND(B5="male",BY5>=13,BY5<=16),4,IF(AND(B5="male",BY5>=17),5,IF(AND(B5="female",BY5=6),1,(IF(AND(B5="female",BY5>=7,BY5<=8),2,(IF(AND(B5="female",BY5>=9,BY5<=12),3,(IF(AND(B5="female",BY5>=13,BY5<=17),4,IF(AND(B5="female",BY5>=18),5,"")))))))))))))))) -> 3 | CA5: =SUM($BF5:$BP5) -> 12 | CB5: =IF(AND(B5="male",CA5=11),1,(IF(AND(B5="male",CA5>=12,CA5<=15),2,(IF(AND(B5="male",CA5>=16,CA5<=21),3,(IF(AND(B5="male",CA5>=22,CA5<=26),4,IF(AND(B5="male",CA5>=27),5,IF(AND(B5="female",CA5<=13),1,(IF(AND(B5="female",CA5>=14,CA5<=17),2,(IF(AND(B5="female",CA5>=18,CA5<=23),3,(IF(AND(B5="female",CA5>=24,CA5<=29),4,IF(AND(B5="female",CA5>=30),5,"")))))))))))))))) -> 2 | CC5: =IF(('2回目フォームの回答 '!AW5="非常に"),1,(IF(('2回目フォームの回答 '!AW5="かなり"),2,(IF(('2回目フォームの回答 '!AW5="多少"),3,(IF(('2回目フォームの回答 '!AW5="全くない"),4,""))))))) -> 1 | CD5: =IF(('2回目フォームの回答 '!AX5="非常に"),1,(IF(('2回目フォームの回答 '!AX5="かなり"),2,(IF(('2回目フォームの回答 '!AX5="多少"),3,(IF(('2回目フォームの回答 '!AX5="全くない"),4,""))))))) -> 1 | CE5: =IF(('2回目フォームの回答 '!AY5="非常に"),1,(IF(('2回目フォームの回答 '!AY5="かなり"),2,(IF(('2回目フォームの回答 '!AY5="多少"),3,(IF(('2回目フォームの回答 '!AY5="全くない"),4,""))))))) -> 1 | CF5: =IF(('2回目フォームの回答 '!AZ5="非常に"),1,(IF(('2回目フォームの回答 '!AZ5="かなり"),2,(IF(('2回目フォームの回答 '!AZ5="多少"),3,(IF(('2回目フォームの回答 '!AZ5="全くない"),4,""))))))) -> 3 | CG5: =IF(('2回目フォームの回答 '!BA5="非常に"),1,(IF(('2回目フォームの回答 '!BA5="かなり"),2,(IF(('2回目フォームの回答 '!BA5="多少"),3,(IF(('2回目フォームの回答 '!BA5="全くない"),4,""))))))) -> 3 | CH5: =IF(('2回目フォームの回答 '!BB5="非常に"),1,(IF(('2回目フォームの回答 '!BB5="かなり"),2,(IF(('2回目フォームの回答 '!BB5="多少"),3,(IF(('2回目フォームの回答 '!BB5="全くない"),4,""))))))) -> 3 | CI5: =IF(('2回目フォームの回答 '!BC5="非常に"),1,(IF(('2回目フォームの回答 '!BC5="かなり"),2,(IF(('2回目フォームの回答 '!BC5="多少"),3,(IF(('2回目フォームの回答 '!BC5="全くない"),4,""))))))) -> 2 | CJ5: =IF(('2回目フォームの回答 '!BD5="非常に"),1,(IF(('2回目フォームの回答 '!BD5="かなり"),2,(IF(('2回目フォームの回答 '!BD5="多少"),3,(IF(('2回目フォームの回答 '!BD5="全くない"),4,""))))))) -> 2 | CK5: =IF(('2回目フォームの回答 '!BE5="非常に"),1,(IF(('2回目フォームの回答 '!BE5="かなり"),2,(IF(('2回目フォームの回答 '!BE5="多少"),3,(IF(('2回目フォームの回答 '!BE5="全くない"),4,""))))))) -> 2 | CL5: =IF(('2回目フォームの回答 '!BF5="満足"),1,(IF(('2回目フォームの回答 '!BF5="まぁ満足"),2,(IF(('2回目フォームの回答 '!BF5="やや満足"),3,(IF(('2回目フォームの回答 '!BF5="不満足"),4,""))))))) -> 1 | CM5: =IF(('2回目フォームの回答 '!BG5="満足"),1,(IF(('2回目フォームの回答 '!BG5="まぁ満足"),2,(IF(('2回目フォームの回答 '!BG5="やや満足"),3,(IF(('2回目フォームの回答 '!BG5="不満足"),4,""))))))) -> 3 | CN5: =15-($CC5+$CF5+$CI5) -> 9 | CO5: =IF(AND(B5="male",CN5<=4),5,(IF(AND(B5="male",CN5>=5,CN5<=6),4,(IF(AND(B5="male",CN5>=7,CN5<=8),3,(IF(AND(B5="male",CN5>=9,CN5<=10),2,IF(AND(B5="male",CN5>=11),1,IF(AND(B5="female",CN5<=3),5,(IF(AND(B5="female",CN5>=4,CN5<=5),4,(IF(AND(B5="female",CN5>=6,CN5<=7),3,(IF(AND(B5="female",CN5>=8,CN5<=10),2,IF(AND(B5="female",CN5>=11),1,"")))))))))))))))) -> 2 | CP5: =15-($CD5+$CG5+$CJ5) -> 9 | CQ5: =IF((CP5<=5),5,(IF(AND(CP5>=6,CP5<=7),4,(IF(AND(CP5>=8,CP5<=9),3,(IF(AND(CP5>=10,AF5<=11),2,IF(AF5>=12,1,"")))))))) -> 3 | CR5: =15-($CE5+$CH5+$CK5) -> 9 | CS5: =IF((CR5<=6),5,(IF(AND(CR5>=7,CR5<=8),4,IF((CR5=9),3,IF(AND(CR5>=10,CR5<=11),2,IF(CR5>=12,1,"")))))) -> 3 | CT5: =10-($CL5+$CM5) -> 6 | CU5: =IF((CT5<=3),5,(IF((CT5=4),4,IF(AND(CT5>=5,CT5<=6),3,IF((CT5=7),2,IF(CT5>=8,1,"")))))) -> 3 | CV5: =BR5+BT5+BV5+BX5+BZ5+CB5 -> 14 | CW5: =W5+Y5+AA5+AC5+AE5+AG5+AI5+AK5+AM5 -> 19 | CX5: =CO5+CQ5+CS5 -> 8 | CY5: =IF((CV5>=24),"高",IF(AND(CV5>=19,CV5<=23,(CW5+CX5)>=46),"高",IF(AND(CV5>=19,CV5<=23,(CW5+CX5)>=12,(CW5+CX5)<=45),"中①",IF(AND(CV5>=6,CV5<=18,(CW5+CX5)>=46),"中②","低")))) -> 低 | CZ5: ='2回目フォームの回答 '!BH5 -> 0.9 | DA5: =1-CZ5 -> 0.1 | DB5: =IF(('2回目フォームの回答 '!BI5="いつもより寝つきは良い"),0,(IF(('2回目フォームの回答 '!BI5="いつもより少し時間がかかった"),1,(IF(('2回目フォームの回答 '!BI5="いつもよりかなり時間がかかった"),2,(IF(('2回目フォームの回答 '!BI5="いつもより非常に時間がかかった、あるいは全く眠れなかった"),3,""))))))) -> 1 | DC5: =IF(('2回目フォームの回答 '!BJ5="問題になるほどのことはなかった"),0,(IF(('2回目フォームの回答 '!BJ5="少し困ることがある"),1,(IF(('2回目フォームの回答 '!BJ5="かなり困っている"),2,(IF(('2回目フォームの回答 '!BJ5="深刻な状態、あるいは全く眠れなかった"),3,""))))))) -> 0 | DD5: =IF(('2回目フォームの回答 '!BK5="そのようなことはなかった"),0,(IF(('2回目フォームの回答 '!BK5="少し早かった"),1,(IF(('2回目フォームの回答 '!BK5="かなり早かった"),2,(IF(('2回目フォームの回答 '!BK5="非常に早かった、あるいは全く眠れなかった"),3,""))))))) -> 1 | DE5: =IF(('2回目フォームの回答 '!BL5="十分である"),0,(IF(('2回目フォームの回答 '!BL5="少し足りない"),1,(IF(('2回目フォームの回答 '!BL5="かなり足りない"),2,(IF(('2回目フォームの回答 '!BL5="全く足りない、あるいは全く眠れなかった"),3,""))))))) -> 1 | DF5: =IF(('2回目フォームの回答 '!BM5="満足している"),0,(IF(('2回目フォームの回答 '!BM5="少し不満である"),1,(IF(('2回目フォームの回答 '!BM5="かなり不満である"),2,(IF(('2回目フォームの回答 '!BM5="非常に不満である、あるいは全く眠れなかった"),3,""))))))) -> 1 | DG5: =IF(('2回目フォームの回答 '!BN5="いつもどおり"),0,(IF(('2回目フォームの回答 '!BN5="少し滅入った"),1,(IF(('2回目フォームの回答 '!BN5="かなり滅入った"),2,(IF(('2回目フォームの回答 '!BN5="非常に滅入った"),3,""))))))) -> 0 | DH5: =IF(('2回目フォームの回答 '!BO5="いつもどおり"),0,(IF(('2回目フォームの回答 '!BO5="少し低下した"),1,(IF(('2回目フォームの回答 '!BO5="かなり低下した"),2,(IF(('2回目フォームの回答 '!BO5="非常に低下した"),3,""))))))) -> 0 | DI5: =IF(('2回目フォームの回答 '!BP5="全くなかった"),0,(IF(('2回目フォームの回答 '!BP5="少しあった"),1,(IF(('2回目フォームの回答 '!BP5="かなりあった"),2,(IF(('2回目フォームの回答 '!BP5="激しかった"),3,""))))))) -> 1 | DJ5: =SUM(DB5:DI5) -> 5 | DK5: =IF((DJ5<=3),"低",(IF(AND(DJ5>=4,DJ5<=5),"中",(IF((DJ5>=6),"高",""))))) -> 中 | DL5: 9.5 | DM5: 9.2 | DN5: 9.6 | DO5: =DL5+DM5+DN5 -> 28.3 | DQ5: 〇 | DT5: #N/A | DU5: =INDEX('1回目結果'!DR:DR,MATCH($DT5,'1回目結果'!$A:$A,0)) -> #N/A | DV5: =INDEX('1回目結果'!DS:DS,MATCH($DT5,'1回目結果'!$A:$A,0)) -> #N/A | DW5: =INDEX('1回目結果'!DT:DT,MATCH($DT5,'1回目結果'!$A:$A,0)) -> #N/A | DX5: =INDEX('1回目結果'!DU:DU,MATCH($DT5,'1回目結果'!$A:$A,0)) -> #N/A | DY5: =IFERROR(INDEX('1回目結果'!DL:DL,MATCH('2回目結果'!$DT5,'1回目結果'!$A:$A,0)),"") | DZ5: =IFERROR(INDEX('1回目結果'!DM:DM,MATCH('2回目結果'!$DT5,'1回目結果'!$A:$A,0)),"") | EA5: =IFERROR(INDEX('1回目結果'!DN:DN,MATCH('2回目結果'!$DT5,'1回目結果'!$A:$A,0)),"") | EB5: =IFERROR(INDEX('1回目結果'!DO:DO,MATCH('2回目結果'!$DT5,'1回目結果'!$A:$A,0)),"") | EC5: =IFERROR(INDEX('1回目結果'!DP:DP,MATCH('2回目結果'!$DT5,'1回目結果'!$A:$A,0)),"") | ED5: =IFERROR(INDEX('1回目結果'!DQ:DQ,MATCH('2回目結果'!$DT5,'1回目結果'!$A:$A,0)),"") | EE5: 2.028 | EF5: 204.98 | EG5: 0.99 | EH5: 50 | EI5: メンタルアラートなし（-） | EJ5: =EH5/DX5 -> #N/A | EK5: =EG5/DW5 -> #N/A | EL5: =DO5-EB5 -> #VALUE! | EM5: =DN5-EA5 -> #VALUE!
A6: 325 | B6: female | C6: 35811 | D6: 26 | E6: =IF(('2回目フォームの回答 '!C6="そうだ"),1,(IF(('2回目フォームの回答 '!C6="まぁそうだ"),2,(IF(('2回目フォームの回答 '!C6="ややちがう"),3,(IF(('2回目フォームの回答 '!C6="ちがう"),4,""))))))) -> 1 | F6: =IF(('2回目フォームの回答 '!D6="そうだ"),1,(IF(('2回目フォームの回答 '!D6="まぁそうだ"),2,(IF(('2回目フォームの回答 '!D6="ややちがう"),3,(IF(('2回目フォームの回答 '!D6="ちがう"),4,""))))))) -> 2 | G6: =IF(('2回目フォームの回答 '!E6="そうだ"),1,(IF(('2回目フォームの回答 '!E6="まぁそうだ"),2,(IF(('2回目フォームの回答 '!E6="ややちがう"),3,(IF(('2回目フォームの回答 '!E6="ちがう"),4,""))))))) -> 2 | H6: =IF(('2回目フォームの回答 '!F6="そうだ"),1,(IF(('2回目フォームの回答 '!F6="まぁそうだ"),2,(IF(('2回目フォームの回答 '!F6="ややちがう"),3,(IF(('2回目フォームの回答 '!F6="ちがう"),4,""))))))) -> 2 | I6: =IF(('2回目フォームの回答 '!G6="そうだ"),1,(IF(('2回目フォームの回答 '!G6="まぁそうだ"),2,(IF(('2回目フォームの回答 '!G6="ややちがう"),3,(IF(('2回目フォームの回答 '!G6="ちがう"),4,""))))))) -> 3 | J6: =IF(('2回目フォームの回答 '!H6="そうだ"),1,(IF(('2回目フォームの回答 '!H6="まぁそうだ"),2,(IF(('2回目フォームの回答 '!H6="ややちがう"),3,(IF(('2回目フォームの回答 '!H6="ちがう"),4,""))))))) -> 3 | K6: =IF(('2回目フォームの回答 '!I6="そうだ"),1,(IF(('2回目フォームの回答 '!I6="まぁそうだ"),2,(IF(('2回目フォームの回答 '!I6="ややちがう"),3,(IF(('2回目フォームの回答 '!I6="ちがう"),4,""))))))) -> 3 | L6: =IF(('2回目フォームの回答 '!J6="そうだ"),1,(IF(('2回目フォームの回答 '!J6="まぁそうだ"),2,(IF(('2回目フォームの回答 '!J6="ややちがう"),3,(IF(('2回目フォームの回答 '!J6="ちがう"),4,""))))))) -> 2 | ... U6: =IF(('2回目フォームの回答 '!S6="そうだ"),1,(IF(('2回目フォームの回答 '!S6="まぁそうだ"),2,(IF(('2回目フォームの回答 '!S6="ややちがう"),3,(IF(('2回目フォームの回答 '!S6="ちがう"),4,""))))))) -> 2 | V6: =15-($E6+$F6+$G6) -> 10 | W6: =IF(AND(B6="male",V6<=5),1,(IF(AND(B6="male",V6>=6,V6<=7),2,(IF(AND(B6="male",V6>=8,V6<=9),3,(IF(AND(B6="male",V6>=10,V6<=11),4,IF(AND(B6="male",V6>=12),5,IF(AND(B6="female",V6<=4),1,(IF(AND(B6="female",V6>=5,V6<=6),2,(IF(AND(B6="female",V6>=7,V6<=9),3,(IF(AND(B6="female",V6>=10,V6<=11),4,IF(AND(B6="female",V6>=12),5,"")))))))))))))))) -> 4 | X6: =15-($H6+$I6+$J6) -> 7 | Y6: =IF(AND(B6="male",X6<=5),1,(IF(AND(B6="male",X6>=6,X6<=7),2,(IF(AND(B6="male",X6>=8,X6<=9),3,(IF(AND(B6="male",X6>=10,X6<=11),4,IF(AND(B6="male",X6>=12),5,IF(AND(B6="female",X6<=4),1,(IF(AND(B6="female",X6>=5,X6<=6),2,(IF(AND(B6="female",X6>=7,X6<=8),3,(IF(AND(B6="female",X6>=9,X6<=10),4,IF(AND(B6="female",X6>=11),5,"")))))))))))))))) -> 3 | Z6: =5-$K6 -> 2 | AA6: =IF(Z6=1,2,IF(Z6=2,3,(IF(Z6=3,4,(IF(Z6=4,5,"")))))) -> 3 | AB6: =10-($P6+Q6)+$R6 -> 5 | AC6: =IF((AB6=3),1,(IF(AND(AB6>=4,AB6<=5),2,(IF(AND(AB6>=6,AB6<=7),3,(IF(AND(AB6>=8,AB6<=9),4,IF(AB6>=10,5,"")))))))) -> 2 | AD6: =5-$S6 -> 1 | AE6: =IF(AND(B6="male",AD6=1),2,IF(AND(B6="male",AD6=2),3,(IF(AND(B6="male",AD6=3),4,(IF(AND(B6="male",AD6=4),5,IF(AND(B6="female",AD6=1),1,IF(AND(B6="female",AD6=2),3,(IF(AND(B6="female",AD6=3),4,(IF(AND(B6="female",AD6=4),5,"")))))))))))) -> 1 | AF6: =15-($L6+$M6+$N6) -> 11 | AG6: =IF(AND(B6="male",AF6<=4),5,(IF(AND(B6="male",AF6>=5,AF6<=6),4,(IF(AND(B6="male",AF6>=7,AF6<=8),3,(IF(AND(B6="male",AF6>=9,AF6<=10),2,IF(AND(B6="male",AF6>=11),1,IF(AND(B6="female",AF6<=3),5,(IF(AND(B6="female",AF6>=4,AF6<=5),4,(IF(AND(B6="female",AF6>=6,AF6<=8),3,(IF(AND(B6="female",AF6>=9,AF6<=10),2,IF(AND(B6="female",AF6>=11),1,"")))))))))))))))) -> 1 | AH6: =$O6 -> 4 | AI6: =IF(AH6=1,5,IF(AH6=2,4,(IF(AH6=3,3,(IF(AH6=4,2,"")))))) -> 2 | AJ6: =5-$T6 -> 3 | AK6: =IF(AJ6=1,5,IF(AJ6=2,4,(IF(AJ6=3,3,(IF(AJ6=4,1,"")))))) -> 3 | AL6: =5-$U6 -> 3 | AM6: =IF(AL6=1,5,IF(AL6=2,4,(IF(AL6=3,3,(IF(AL6=4,1,"")))))) -> 3 | AN6: =IF(('2回目フォームの回答 '!T6="ほとんどなかった"),1,(IF(('2回目フォームの回答 '!T6="ときどきあった"),2,(IF(('2回目フォームの回答 '!T6="しばしばあった"),3,(IF(('2回目フォームの回答 '!T6="ほとんどいつもあった"),4,""))))))) -> 2 | AO6: =IF(('2回目フォームの回答 '!U6="ほとんどなかった"),1,(IF(('2回目フォームの回答 '!U6="ときどきあった"),2,(IF(('2回目フォームの回答 '!U6="しばしばあった"),3,(IF(('2回目フォームの回答 '!U6="ほとんどいつもあった"),4,""))))))) -> 2 | AP6: =IF(('2回目フォームの回答 '!V6="ほとんどなかった"),1,(IF(('2回目フォームの回答 '!V6="ときどきあった"),2,(IF(('2回目フォームの回答 '!V6="しばしばあった"),3,(IF(('2回目フォームの回答 '!V6="ほとんどいつもあった"),4,""))))))) -> 2 | AQ6: =IF(('2回目フォームの回答 '!W6="ほとんどなかった"),1,(IF(('2回目フォームの回答 '!W6="ときどきあった"),2,(IF(('2回目フォームの回答 '!W6="しばしばあった"),3,(IF(('2回目フォームの回答 '!W6="ほとんどいつもあった"),4,""))))))) -> 1 | AR6: =IF(('2回目フォームの回答 '!X6="ほとんどなかった"),1,(IF(('2回目フォームの回答 '!X6="ときどきあった"),2,(IF(('2回目フォームの回答 '!X6="しばしばあった"),3,(IF(('2回目フォームの回答 '!X6="ほとんどいつもあった"),4,""))))))) -> 1 | AS6: =IF(('2回目フォームの回答 '!Y6="ほとんどなかった"),1,(IF(('2回目フォームの回答 '!Y6="ときどきあった"),2,(IF(('2回目フォームの回答 '!Y6="しばしばあった"),3,(IF(('2回目フォームの回答 '!Y6="ほとんどいつもあった"),4,""))))))) -> 2 | AT6: =IF(('2回目フォームの回答 '!Z6="ほとんどなかった"),1,(IF(('2回目フォームの回答 '!Z6="ときどきあった"),2,(IF(('2回目フォームの回答 '!Z6="しばしばあった"),3,(IF(('2回目フォームの回答 '!Z6="ほとんどいつもあった"),4,""))))))) -> 2 | AU6: =IF(('2回目フォームの回答 '!AA6="ほとんどなかった"),1,(IF(('2回目フォームの回答 '!AA6="ときどきあった"),2,(IF(('2回目フォームの回答 '!AA6="しばしばあった"),3,(IF(('2回目フォームの回答 '!AA6="ほとんどいつもあった"),4,""))))))) -> 2 | AV6: =IF(('2回目フォームの回答 '!AB6="ほとんどなかった"),1,(IF(('2回目フォームの回答 '!AB6="ときどきばあった"),2,(IF(('2回目フォームの回答 '!AB6="しばしばあった"),3,(IF(('2回目フォームの回答 '!AB6="ほとんどいつもあった"),4,""))))))) -> 2 | AW6: =IF(('2回目フォームの回答 '!AC6="ほとんどなかった"),1,(IF(('2回目フォームの回答 '!AC6="ときどきあった"),2,(IF(('2回目フォームの回答 '!AC6="しばしばあった"),3,(IF(('2回目フォームの回答 '!AC6="ほとんどいつもあった"),4,""))))))) -> 1 | AX6: =IF(('2回目フォームの回答 '!AD6="ほとんどなかった"),1,(IF(('2回目フォームの回答 '!AD6="ときどきあった"),2,(IF(('2回目フォームの回答 '!AD6="しばしばあった"),3,(IF(('2回目フォームの回答 '!AD6="ほとんどいつもあった"),4,""))))))) -> 1 | AY6: =IF(('2回目フォームの回答 '!AE6="ほとんどなかった"),1,(IF(('2回目フォームの回答 '!AE6="ときどきあった"),2,(IF(('2回目フォームの回答 '!AE6="しばしばあった"),3,(IF(('2回目フォームの回答 '!AE6="ほとんどいつもあった"),4,""))))))) -> 1 | AZ6: =IF(('2回目フォームの回答 '!AF6="ほとんどなかった"),1,(IF(('2回目フォームの回答 '!AF6="ときどきあった"),2,(IF(('2回目フォームの回答 '!AF6="しばしばあった"),3,(IF(('2回目フォームの回答 '!AF6="ほとんどいつもあった"),4,""))))))) -> 2 | BA6: =IF(('2回目フォームの回答 '!AG6="ほとんどなかった"),1,(IF(('2回目フォームの回答 '!AG6="ときどきあった"),2,(IF(('2回目フォームの回答 '!AG6="しばしばあった"),3,(IF(('2回目フォームの回答 '!AG6="ほとんどいつもあった"),4,""))))))) -> 1 | BB6: =IF(('2回目フォームの回答 '!AH6="ほとんどなかった"),1,(IF(('2回目フォームの回答 '!AH6="ときどきあった"),2,(IF(('2回目フォームの回答 '!AH6="しばしばあった"),3,(IF(('2回目フォームの回答 '!AH6="ほとんどいつもあった"),4,""))))))) -> 2 | BC6: =IF(('2回目フォームの回答 '!AI6="ほとんどなかった"),1,(IF(('2回目フォームの回答 '!AI6="ときどきあった"),2,(IF(('2回目フォームの回答 '!AI6="しばしばあった"),3,(IF(('2回目フォームの回答 '!AI6="ほとんどいつもあった"),4,""))))))) -> 2 | BD6: =IF(('2回目フォームの回答 '!AJ6="ほとんどなかった"),1,(IF(('2回目フォームの回答 '!AJ6="ときどきあった"),2,(IF(('2回目フォームの回答 '!AJ6="しばしばあった"),3,(IF(('2回目フォームの回答 '!AJ6="ほとんどいつもあった"),4,""))))))) -> 1 | ... BP6: =IF(('2回目フォームの回答 '!AV6="ほとんどなかった"),1,(IF(('2回目フォームの回答 '!AV6="ときどきあった"),2,(IF(('2回目フォームの回答 '!AV6="しばしばあった"),3,(IF(('2回目フォームの回答 '!AV6="ほとんどいつもあった"),4,""))))))) -> 1 | BQ6: =$AN6+$AO6+$AP6 -> 6 | BR6: =IF((BQ6=3),5,(IF(AND(BQ6>=4,BQ6<=5),4,(IF(AND(BQ6>=6,BQ6<=7),3,(IF(AND(BQ6>=8,BQ6<=9),2,IF(BQ6>=10,1,"")))))))) -> 3 | BS6: =$AQ6+$AR6+$AS6 -> 4 | BT6: =IF(AND(B6="male",BS6=3),1,(IF(AND(B6="male",BS6>=4,BS6<=5),2,(IF(AND(B6="male",BS6>=6,BS6<=7),3,(IF(AND(B6="male",BS6>=8,BS6<=9),4,IF(AND(B6="male",BS6>=10),5,IF(AND(B6="female",BS6=3),1,(IF(AND(B6="female",BS6>=4,BS6<=5),2,(IF(AND(B6="female",BS6>=6,BS6<=8),3,(IF(AND(B6="female",BS6>=9,BS6<=10),4,IF(AND(B6="female",BS6>=11),5,"")))))))))))))))) -> 2 | BU6: =$AT6+$AU6+$AV6 -> 6 | BV6: =IF(AND(B6="male",BU6=3),1,(IF(AND(B6="male",BU6=4),2,(IF(AND(B6="male",BU6>=5,BU6<=7),3,(IF(AND(B6="male",BU6>=8,BU6<=10),4,IF(AND(B6="male",BU6>=11),5,IF(AND(B6="female",BU6=3),1,(IF(AND(B6="female",BU6>=4,BU6<=5),2,(IF(AND(B6="female",BU6>=6,BU6<=8),3,(IF(AND(B6="female",BU6>=9,BU6<=11),4,IF(AND(B6="female",BU6>=12),5,"")))))))))))))))) -> 3 | BW6: =$AW6+$AX6+$AY6 -> 3 | BX6: =IF(AND(B6="male",BW6=3),1,(IF(AND(B6="male",BW6=4),2,(IF(AND(B6="male",BW6>=5,BW6<=7),3,(IF(AND(B6="male",BW6>=8,BW6<=9),4,(IF(AND(B6="male",BW6>=10),5,(IF(AND(B6="female",BW6=3),1,(IF(AND(B6="female",BW6=4),2,(IF(AND(B6="female",BW6>=5,BW6<=7),3,(IF(AND(B6="female",BW6>=8,BW6<=10),4,IF(AND(B6="female",BW6>=11),5,"")))))))))))))))))) -> 1 | BY6: =SUM($AZ6:$BE6) -> 9 | BZ6: =IF(AND(B6="male",BY6=6),1,(IF(AND(B6="male",BY6>=7,BY6<=8),2,(IF(AND(B6="male",BY6>=9,BY6<=12),3,(IF(AND(B6="male",BY6>=13,BY6<=16),4,IF(AND(B6="male",BY6>=17),5,IF(AND(B6="female",BY6=6),1,(IF(AND(B6="female",BY6>=7,BY6<=8),2,(IF(AND(B6="female",BY6>=9,BY6<=12),3,(IF(AND(B6="female",BY6>=13,BY6<=17),4,IF(AND(B6="female",BY6>=18),5,"")))))))))))))))) -> 3 | CA6: =SUM($BF6:$BP6) -> 21 | CB6: =IF(AND(B6="male",CA6=11),1,(IF(AND(B6="male",CA6>=12,CA6<=15),2,(IF(AND(B6="male",CA6>=16,CA6<=21),3,(IF(AND(B6="male",CA6>=22,CA6<=26),4,IF(AND(B6="male",CA6>=27),5,IF(AND(B6="female",CA6<=13),1,(IF(AND(B6="female",CA6>=14,CA6<=17),2,(IF(AND(B6="female",CA6>=18,CA6<=23),3,(IF(AND(B6="female",CA6>=24,CA6<=29),4,IF(AND(B6="female",CA6>=30),5,"")))))))))))))))) -> 3 | CC6: =IF(('2回目フォームの回答 '!AW6="非常に"),1,(IF(('2回目フォームの回答 '!AW6="かなり"),2,(IF(('2回目フォームの回答 '!AW6="多少"),3,(IF(('2回目フォームの回答 '!AW6="全くない"),4,""))))))) -> 1 | CD6: =IF(('2回目フォームの回答 '!AX6="非常に"),1,(IF(('2回目フォームの回答 '!AX6="かなり"),2,(IF(('2回目フォームの回答 '!AX6="多少"),3,(IF(('2回目フォームの回答 '!AX6="全くない"),4,""))))))) -> 1 | CE6: =IF(('2回目フォームの回答 '!AY6="非常に"),1,(IF(('2回目フォームの回答 '!AY6="かなり"),2,(IF(('2回目フォームの回答 '!AY6="多少"),3,(IF(('2回目フォームの回答 '!AY6="全くない"),4,""))))))) -> 1 | CF6: =IF(('2回目フォームの回答 '!AZ6="非常に"),1,(IF(('2回目フォームの回答 '!AZ6="かなり"),2,(IF(('2回目フォームの回答 '!AZ6="多少"),3,(IF(('2回目フォームの回答 '!AZ6="全くない"),4,""))))))) -> 2 | CG6: =IF(('2回目フォームの回答 '!BA6="非常に"),1,(IF(('2回目フォームの回答 '!BA6="かなり"),2,(IF(('2回目フォームの回答 '!BA6="多少"),3,(IF(('2回目フォームの回答 '!BA6="全くない"),4,""))))))) -> 2 | CH6: =IF(('2回目フォームの回答 '!BB6="非常に"),1,(IF(('2回目フォームの回答 '!BB6="かなり"),2,(IF(('2回目フォームの回答 '!BB6="多少"),3,(IF(('2回目フォームの回答 '!BB6="全くない"),4,""))))))) -> 1 | CI6: =IF(('2回目フォームの回答 '!BC6="非常に"),1,(IF(('2回目フォームの回答 '!BC6="かなり"),2,(IF(('2回目フォームの回答 '!BC6="多少"),3,(IF(('2回目フォームの回答 '!BC6="全くない"),4,""))))))) -> 2 | CJ6: =IF(('2回目フォームの回答 '!BD6="非常に"),1,(IF(('2回目フォームの回答 '!BD6="かなり"),2,(IF(('2回目フォームの回答 '!BD6="多少"),3,(IF(('2回目フォームの回答 '!BD6="全くない"),4,""))))))) -> 2 | CK6: =IF(('2回目フォームの回答 '!BE6="非常に"),1,(IF(('2回目フォームの回答 '!BE6="かなり"),2,(IF(('2回目フォームの回答 '!BE6="多少"),3,(IF(('2回目フォームの回答 '!BE6="全くない"),4,""))))))) -> 1 | CL6: =IF(('2回目フォームの回答 '!BF6="満足"),1,(IF(('2回目フォームの回答 '!BF6="まぁ満足"),2,(IF(('2回目フォームの回答 '!BF6="やや満足"),3,(IF(('2回目フォームの回答 '!BF6="不満足"),4,""))))))) -> 2 | CM6: =IF(('2回目フォームの回答 '!BG6="満足"),1,(IF(('2回目フォームの回答 '!BG6="まぁ満足"),2,(IF(('2回目フォームの回答 '!BG6="やや満足"),3,(IF(('2回目フォームの回答 '!BG6="不満足"),4,""))))))) -> 1 | CN6: =15-($CC6+$CF6+$CI6) -> 10 | CO6: =IF(AND(B6="male",CN6<=4),5,(IF(AND(B6="male",CN6>=5,CN6<=6),4,(IF(AND(B6="male",CN6>=7,CN6<=8),3,(IF(AND(B6="male",CN6>=9,CN6<=10),2,IF(AND(B6="male",CN6>=11),1,IF(AND(B6="female",CN6<=3),5,(IF(AND(B6="female",CN6>=4,CN6<=5),4,(IF(AND(B6="female",CN6>=6,CN6<=7),3,(IF(AND(B6="female",CN6>=8,CN6<=10),2,IF(AND(B6="female",CN6>=11),1,"")))))))))))))))) -> 2 | CP6: =15-($CD6+$CG6+$CJ6) -> 10 | CQ6: =IF((CP6<=5),5,(IF(AND(CP6>=6,CP6<=7),4,(IF(AND(CP6>=8,CP6<=9),3,(IF(AND(CP6>=10,AF6<=11),2,IF(AF6>=12,1,"")))))))) -> 2 | CR6: =15-($CE6+$CH6+$CK6) -> 12 | CS6: =IF((CR6<=6),5,(IF(AND(CR6>=7,CR6<=8),4,IF((CR6=9),3,IF(AND(CR6>=10,CR6<=11),2,IF(CR6>=12,1,"")))))) -> 1 | CT6: =10-($CL6+$CM6) -> 7 | CU6: =IF((CT6<=3),5,(IF((CT6=4),4,IF(AND(CT6>=5,CT6<=6),3,IF((CT6=7),2,IF(CT6>=8,1,"")))))) -> 2 | CV6: =BR6+BT6+BV6+BX6+BZ6+CB6 -> 15 | CW6: =W6+Y6+AA6+AC6+AE6+AG6+AI6+AK6+AM6 -> 22 | CX6: =CO6+CQ6+CS6 -> 5 | CY6: =IF((CV6>=24),"高",IF(AND(CV6>=19,CV6<=23,(CW6+CX6)>=46),"高",IF(AND(CV6>=19,CV6<=23,(CW6+CX6)>=12,(CW6+CX6)<=45),"中①",IF(AND(CV6>=6,CV6<=18,(CW6+CX6)>=46),"中②","低")))) -> 低 | CZ6: ='2回目フォームの回答 '!BH6 -> 0.6 | DA6: =1-CZ6 -> 0.4 | DB6: =IF(('2回目フォームの回答 '!BI6="いつもより寝つきは良い"),0,(IF(('2回目フォームの回答 '!BI6="いつもより少し時間がかかった"),1,(IF(('2回目フォームの回答 '!BI6="いつもよりかなり時間がかかった"),2,(IF(('2回目フォームの回答 '!BI6="いつもより非常に時間がかかった、あるいは全く眠れなかった"),3,""))))))) -> 0 | DC6: =IF(('2回目フォームの回答 '!BJ6="問題になるほどのことはなかった"),0,(IF(('2回目フォームの回答 '!BJ6="少し困ることがある"),1,(IF(('2回目フォームの回答 '!BJ6="かなり困っている"),2,(IF(('2回目フォームの回答 '!BJ6="深刻な状態、あるいは全く眠れなかった"),3,""))))))) -> 0 | DD6: =IF(('2回目フォームの回答 '!BK6="そのようなことはなかった"),0,(IF(('2回目フォームの回答 '!BK6="少し早かった"),1,(IF(('2回目フォームの回答 '!BK6="かなり早かった"),2,(IF(('2回目フォームの回答 '!BK6="非常に早かった、あるいは全く眠れなかった"),3,""))))))) -> 0 | DE6: =IF(('2回目フォームの回答 '!BL6="十分である"),0,(IF(('2回目フォームの回答 '!BL6="少し足りない"),1,(IF(('2回目フォームの回答 '!BL6="かなり足りない"),2,(IF(('2回目フォームの回答 '!BL6="全く足りない、あるいは全く眠れなかった"),3,""))))))) -> 2 | DF6: =IF(('2回目フォームの回答 '!BM6="満足している"),0,(IF(('2回目フォームの回答 '!BM6="少し不満である"),1,(IF(('2回目フォームの回答 '!BM6="かなり不満である"),2,(IF(('2回目フォームの回答 '!BM6="非常に不満である、あるいは全く眠れなかった"),3,""))))))) -> 0 | DG6: =IF(('2回目フォームの回答 '!BN6="いつもどおり"),0,(IF(('2回目フォームの回答 '!BN6="少し滅入った"),1,(IF(('2回目フォームの回答 '!BN6="かなり滅入った"),2,(IF(('2回目フォームの回答 '!BN6="非常に滅入った"),3,""))))))) -> 1 | DH6: =IF(('2回目フォームの回答 '!BO6="いつもどおり"),0,(IF(('2回目フォームの回答 '!BO6="少し低下した"),1,(IF(('2回目フォームの回答 '!BO6="かなり低下した"),2,(IF(('2回目フォームの回答 '!BO6="非常に低下した"),3,""))))))) -> 1 | DI6: =IF(('2回目フォームの回答 '!BP6="全くなかった"),0,(IF(('2回目フォームの回答 '!BP6="少しあった"),1,(IF(('2回目フォームの回答 '!BP6="かなりあった"),2,(IF(('2回目フォームの回答 '!BP6="激しかった"),3,""))))))) -> 1 | DJ6: =SUM(DB6:DI6) -> 5 | DK6: =IF((DJ6<=3),"低",(IF(AND(DJ6>=4,DJ6<=5),"中",(IF((DJ6>=6),"高",""))))) -> 中 | DL6: 6 | DM6: 14.6 | DN6: 40.2 | DO6: =DL6+DM6+DN6 -> 60.8 | DQ6: 〇 | DT6: 305 | DU6: =INDEX('1回目結果'!DR:DR,MATCH($DT6,'1回目結果'!$A:$A,0)) -> 4.816 | DV6: =INDEX('1回目結果'!DS:DS,MATCH($DT6,'1回目結果'!$A:$A,0)) -> 389.76 | DW6: =INDEX('1回目結果'!DT:DT,MATCH($DT6,'1回目結果'!$A:$A,0)) -> 1.24 | DX6: =INDEX('1回目結果'!DU:DU,MATCH($DT6,'1回目結果'!$A:$A,0)) -> 62 | DY6: =IFERROR(INDEX('1回目結果'!DL:DL,MATCH('2回目結果'!$DT6,'1回目結果'!$A:$A,0)),"") -> 5.4 | DZ6: =IFERROR(INDEX('1回目結果'!DM:DM,MATCH('2回目結果'!$DT6,'1回目結果'!$A:$A,0)),"") -> 24.8 | EA6: =IFERROR(INDEX('1回目結果'!DN:DN,MATCH('2回目結果'!$DT6,'1回目結果'!$A:$A,0)),"") -> 32.5 | EB6: =IFERROR(INDEX('1回目結果'!DO:DO,MATCH('2回目結果'!$DT6,'1回目結果'!$A:$A,0)),"") -> 62.7 | EC6: =IFERROR(INDEX('1回目結果'!DP:DP,MATCH('2回目結果'!$DT6,'1回目結果'!$A:$A,0)),"") -> 0 | ED6: =IFERROR(INDEX('1回目結果'!DQ:DQ,MATCH('2回目結果'!$DT6,'1回目結果'!$A:$A,0)),"") -> 0 | EE6: 1.172 | EF6: 113.47 | EG6: 1.03 | EH6: 52 | EI6: メンタルアラートなし（-） | EJ6: =EH6/DX6 -> 0.83870968 | EK6: =EG6/DW6 -> 0.83064516 | EL6: =DO6-EB6 -> -1.9 | EM6: =DN6-EA6 -> 7.7
A7: 326 | B7: male | C7: 28227 | D7: 47 | E7: =IF(('2回目フォームの回答 '!C7="そうだ"),1,(IF(('2回目フォームの回答 '!C7="まぁそうだ"),2,(IF(('2回目フォームの回答 '!C7="ややちがう"),3,(IF(('2回目フォームの回答 '!C7="ちがう"),4,""))))))) -> 2 | F7: =IF(('2回目フォームの回答 '!D7="そうだ"),1,(IF(('2回目フォームの回答 '!D7="まぁそうだ"),2,(IF(('2回目フォームの回答 '!D7="ややちがう"),3,(IF(('2回目フォームの回答 '!D7="ちがう"),4,""))))))) -> 2 | G7: =IF(('2回目フォームの回答 '!E7="そうだ"),1,(IF(('2回目フォームの回答 '!E7="まぁそうだ"),2,(IF(('2回目フォームの回答 '!E7="ややちがう"),3,(IF(('2回目フォームの回答 '!E7="ちがう"),4,""))))))) -> 3 | H7: =IF(('2回目フォームの回答 '!F7="そうだ"),1,(IF(('2回目フォームの回答 '!F7="まぁそうだ"),2,(IF(('2回目フォームの回答 '!F7="ややちがう"),3,(IF(('2回目フォームの回答 '!F7="ちがう"),4,""))))))) -> 2 | I7: =IF(('2回目フォームの回答 '!G7="そうだ"),1,(IF(('2回目フォームの回答 '!G7="まぁそうだ"),2,(IF(('2回目フォームの回答 '!G7="ややちがう"),3,(IF(('2回目フォームの回答 '!G7="ちがう"),4,""))))))) -> 3 | J7: =IF(('2回目フォームの回答 '!H7="そうだ"),1,(IF(('2回目フォームの回答 '!H7="まぁそうだ"),2,(IF(('2回目フォームの回答 '!H7="ややちがう"),3,(IF(('2回目フォームの回答 '!H7="ちがう"),4,""))))))) -> 3 | K7: =IF(('2回目フォームの回答 '!I7="そうだ"),1,(IF(('2回目フォームの回答 '!I7="まぁそうだ"),2,(IF(('2回目フォームの回答 '!I7="ややちがう"),3,(IF(('2回目フォームの回答 '!I7="ちがう"),4,""))))))) -> 4 | L7: =IF(('2回目フォームの回答 '!J7="そうだ"),1,(IF(('2回目フォームの回答 '!J7="まぁそうだ"),2,(IF(('2回目フォームの回答 '!J7="ややちがう"),3,(IF(('2回目フォームの回答 '!J7="ちがう"),4,""))))))) -> 2 | ... U7: =IF(('2回目フォームの回答 '!S7="そうだ"),1,(IF(('2回目フォームの回答 '!S7="まぁそうだ"),2,(IF(('2回目フォームの回答 '!S7="ややちがう"),3,(IF(('2回目フォームの回答 '!S7="ちがう"),4,""))))))) -> 3 | V7: =15-($E7+$F7+$G7) -> 8 | W7: =IF(AND(B7="male",V7<=5),1,(IF(AND(B7="male",V7>=6,V7<=7),2,(IF(AND(B7="male",V7>=8,V7<=9),3,(IF(AND(B7="male",V7>=10,V7<=11),4,IF(AND(B7="male",V7>=12),5,IF(AND(B7="female",V7<=4),1,(IF(AND(B7="female",V7>=5,V7<=6),2,(IF(AND(B7="female",V7>=7,V7<=9),3,(IF(AND(B7="female",V7>=10,V7<=11),4,IF(AND(B7="female",V7>=12),5,"")))))))))))))))) -> 3 | X7: =15-($H7+$I7+$J7) -> 7 | Y7: =IF(AND(B7="male",X7<=5),1,(IF(AND(B7="male",X7>=6,X7<=7),2,(IF(AND(B7="male",X7>=8,X7<=9),3,(IF(AND(B7="male",X7>=10,X7<=11),4,IF(AND(B7="male",X7>=12),5,IF(AND(B7="female",X7<=4),1,(IF(AND(B7="female",X7>=5,X7<=6),2,(IF(AND(B7="female",X7>=7,X7<=8),3,(IF(AND(B7="female",X7>=9,X7<=10),4,IF(AND(B7="female",X7>=11),5,"")))))))))))))))) -> 2 | Z7: =5-$K7 -> 1 | AA7: =IF(Z7=1,2,IF(Z7=2,3,(IF(Z7=3,4,(IF(Z7=4,5,"")))))) -> 2 | AB7: =10-($P7+Q7)+$R7 -> 6 | AC7: =IF((AB7=3),1,(IF(AND(AB7>=4,AB7<=5),2,(IF(AND(AB7>=6,AB7<=7),3,(IF(AND(AB7>=8,AB7<=9),4,IF(AB7>=10,5,"")))))))) -> 3 | AD7: =5-$S7 -> 3 | AE7: =IF(AND(B7="male",AD7=1),2,IF(AND(B7="male",AD7=2),3,(IF(AND(B7="male",AD7=3),4,(IF(AND(B7="male",AD7=4),5,IF(AND(B7="female",AD7=1),1,IF(AND(B7="female",AD7=2),3,(IF(AND(B7="female",AD7=3),4,(IF(AND(B7="female",AD7=4),5,"")))))))))))) -> 4 | AF7: =15-($L7+$M7+$N7) -> 8 | AG7: =IF(AND(B7="male",AF7<=4),5,(IF(AND(B7="male",AF7>=5,AF7<=6),4,(IF(AND(B7="male",AF7>=7,AF7<=8),3,(IF(AND(B7="male",AF7>=9,AF7<=10),2,IF(AND(B7="male",AF7>=11),1,IF(AND(B7="female",AF7<=3),5,(IF(AND(B7="female",AF7>=4,AF7<=5),4,(IF(AND(B7="female",AF7>=6,AF7<=8),3,(IF(AND(B7="female",AF7>=9,AF7<=10),2,IF(AND(B7="female",AF7>=11),1,"")))))))))))))))) -> 3 | AH7: =$O7 -> 2 | AI7: =IF(AH7=1,5,IF(AH7=2,4,(IF(AH7=3,3,(IF(AH7=4,2,"")))))) -> 4 | AJ7: =5-$T7 -> 2 | AK7: =IF(AJ7=1,5,IF(AJ7=2,4,(IF(AJ7=3,3,(IF(AJ7=4,1,"")))))) -> 4 | AL7: =5-$U7 -> 2 | AM7: =IF(AL7=1,5,IF(AL7=2,4,(IF(AL7=3,3,(IF(AL7=4,1,"")))))) -> 4 | AN7: =IF(('2回目フォームの回答 '!T7="ほとんどなかった"),1,(IF(('2回目フォームの回答 '!T7="ときどきあった"),2,(IF(('2回目フォームの回答 '!T7="しばしばあった"),3,(IF(('2回目フォームの回答 '!T7="ほとんどいつもあった"),4,""))))))) -> 2 | AO7: =IF(('2回目フォームの回答 '!U7="ほとんどなかった"),1,(IF(('2回目フォームの回答 '!U7="ときどきあった"),2,(IF(('2回目フォームの回答 '!U7="しばしばあった"),3,(IF(('2回目フォームの回答 '!U7="ほとんどいつもあった"),4,""))))))) -> 2 | AP7: =IF(('2回目フォームの回答 '!V7="ほとんどなかった"),1,(IF(('2回目フォームの回答 '!V7="ときどきあった"),2,(IF(('2回目フォームの回答 '!V7="しばしばあった"),3,(IF(('2回目フォームの回答 '!V7="ほとんどいつもあった"),4,""))))))) -> 2 | AQ7: =IF(('2回目フォームの回答 '!W7="ほとんどなかった"),1,(IF(('2回目フォームの回答 '!W7="ときどきあった"),2,(IF(('2回目フォームの回答 '!W7="しばしばあった"),3,(IF(('2回目フォームの回答 '!W7="ほとんどいつもあった"),4,""))))))) -> 1 | AR7: =IF(('2回目フォームの回答 '!X7="ほとんどなかった"),1,(IF(('2回目フォームの回答 '!X7="ときどきあった"),2,(IF(('2回目フォームの回答 '!X7="しばしばあった"),3,(IF(('2回目フォームの回答 '!X7="ほとんどいつもあった"),4,""))))))) -> 1 | AS7: =IF(('2回目フォームの回答 '!Y7="ほとんどなかった"),1,(IF(('2回目フォームの回答 '!Y7="ときどきあった"),2,(IF(('2回目フォームの回答 '!Y7="しばしばあった"),3,(IF(('2回目フォームの回答 '!Y7="ほとんどいつもあった"),4,""))))))) -> 1 | AT7: =IF(('2回目フォームの回答 '!Z7="ほとんどなかった"),1,(IF(('2回目フォームの回答 '!Z7="ときどきあった"),2,(IF(('2回目フォームの回答 '!Z7="しばしばあった"),3,(IF(('2回目フォームの回答 '!Z7="ほとんどいつもあった"),4,""))))))) -> 3 | AU7: =IF(('2回目フォームの回答 '!AA7="ほとんどなかった"),1,(IF(('2回目フォームの回答 '!AA7="ときどきあった"),2,(IF(('2回目フォームの回答 '!AA7="しばしばあった"),3,(IF(('2回目フォームの回答 '!AA7="ほとんどいつもあった"),4,""))))))) -> 2 | AV7: =IF(('2回目フォームの回答 '!AB7="ほとんどなかった"),1,(IF(('2回目フォームの回答 '!AB7="ときどきばあった"),2,(IF(('2回目フォームの回答 '!AB7="しばしばあった"),3,(IF(('2回目フォームの回答 '!AB7="ほとんどいつもあった"),4,""))))))) -> 3 | AW7: =IF(('2回目フォームの回答 '!AC7="ほとんどなかった"),1,(IF(('2回目フォームの回答 '!AC7="ときどきあった"),2,(IF(('2回目フォームの回答 '!AC7="しばしばあった"),3,(IF(('2回目フォームの回答 '!AC7="ほとんどいつもあった"),4,""))))))) -> 2 | AX7: =IF(('2回目フォームの回答 '!AD7="ほとんどなかった"),1,(IF(('2回目フォームの回答 '!AD7="ときどきあった"),2,(IF(('2回目フォームの回答 '!AD7="しばしばあった"),3,(IF(('2回目フォームの回答 '!AD7="ほとんどいつもあった"),4,""))))))) -> 2 | AY7: =IF(('2回目フォームの回答 '!AE7="ほとんどなかった"),1,(IF(('2回目フォームの回答 '!AE7="ときどきあった"),2,(IF(('2回目フォームの回答 '!AE7="しばしばあった"),3,(IF(('2回目フォームの回答 '!AE7="ほとんどいつもあった"),4,""))))))) -> 3 | AZ7: =IF(('2回目フォームの回答 '!AF7="ほとんどなかった"),1,(IF(('2回目フォームの回答 '!AF7="ときどきあった"),2,(IF(('2回目フォームの回答 '!AF7="しばしばあった"),3,(IF(('2回目フォームの回答 '!AF7="ほとんどいつもあった"),4,""))))))) -> 2 | BA7: =IF(('2回目フォームの回答 '!AG7="ほとんどなかった"),1,(IF(('2回目フォームの回答 '!AG7="ときどきあった"),2,(IF(('2回目フォームの回答 '!AG7="しばしばあった"),3,(IF(('2回目フォームの回答 '!AG7="ほとんどいつもあった"),4,""))))))) -> 3 | BB7: =IF(('2回目フォームの回答 '!AH7="ほとんどなかった"),1,(IF(('2回目フォームの回答 '!AH7="ときどきあった"),2,(IF(('2回目フォームの回答 '!AH7="しばしばあった"),3,(IF(('2回目フォームの回答 '!AH7="ほとんどいつもあった"),4,""))))))) -> 2 | BC7: =IF(('2回目フォームの回答 '!AI7="ほとんどなかった"),1,(IF(('2回目フォームの回答 '!AI7="ときどきあった"),2,(IF(('2回目フォームの回答 '!AI7="しばしばあった"),3,(IF(('2回目フォームの回答 '!AI7="ほとんどいつもあった"),4,""))))))) -> 2 | BD7: =IF(('2回目フォームの回答 '!AJ7="ほとんどなかった"),1,(IF(('2回目フォームの回答 '!AJ7="ときどきあった"),2,(IF(('2回目フォームの回答 '!AJ7="しばしばあった"),3,(IF(('2回目フォームの回答 '!AJ7="ほとんどいつもあった"),4,""))))))) -> 2 | ... BP7: =IF(('2回目フォームの回答 '!AV7="ほとんどなかった"),1,(IF(('2回目フォームの回答 '!AV7="ときどきあった"),2,(IF(('2回目フォームの回答 '!AV7="しばしばあった"),3,(IF(('2回目フォームの回答 '!AV7="ほとんどいつもあった"),4,""))))))) -> 3 | BQ7: =$AN7+$AO7+$AP7 -> 6 | BR7: =IF((BQ7=3),5,(IF(AND(BQ7>=4,BQ7<=5),4,(IF(AND(BQ7>=6,BQ7<=7),3,(IF(AND(BQ7>=8,BQ7<=9),2,IF(BQ7>=10,1,"")))))))) -> 3 | BS7: =$AQ7+$AR7+$AS7 -> 3 | BT7: =IF(AND(B7="male",BS7=3),1,(IF(AND(B7="male",BS7>=4,BS7<=5),2,(IF(AND(B7="male",BS7>=6,BS7<=7),3,(IF(AND(B7="male",BS7>=8,BS7<=9),4,IF(AND(B7="male",BS7>=10),5,IF(AND(B7="female",BS7=3),1,(IF(AND(B7="female",BS7>=4,BS7<=5),2,(IF(AND(B7="female",BS7>=6,BS7<=8),3,(IF(AND(B7="female",BS7>=9,BS7<=10),4,IF(AND(B7="female",BS7>=11),5,"")))))))))))))))) -> 1 | BU7: =$AT7+$AU7+$AV7 -> 8 | BV7: =IF(AND(B7="male",BU7=3),1,(IF(AND(B7="male",BU7=4),2,(IF(AND(B7="male",BU7>=5,BU7<=7),3,(IF(AND(B7="male",BU7>=8,BU7<=10),4,IF(AND(B7="male",BU7>=11),5,IF(AND(B7="female",BU7=3),1,(IF(AND(B7="female",BU7>=4,BU7<=5),2,(IF(AND(B7="female",BU7>=6,BU7<=8),3,(IF(AND(B7="female",BU7>=9,BU7<=11),4,IF(AND(B7="female",BU7>=12),5,"")))))))))))))))) -> 4 | BW7: =$AW7+$AX7+$AY7 -> 7 | BX7: =IF(AND(B7="male",BW7=3),1,(IF(AND(B7="male",BW7=4),2,(IF(AND(B7="male",BW7>=5,BW7<=7),3,(IF(AND(B7="male",BW7>=8,BW7<=9),4,(IF(AND(B7="male",BW7>=10),5,(IF(AND(B7="female",BW7=3),1,(IF(AND(B7="female",BW7=4),2,(IF(AND(B7="female",BW7>=5,BW7<=7),3,(IF(AND(B7="female",BW7>=8,BW7<=10),4,IF(AND(B7="female",BW7>=11),5,"")))))))))))))))))) -> 3 | BY7: =SUM($AZ7:$BE7) -> 12 | BZ7: =IF(AND(B7="male",BY7=6),1,(IF(AND(B7="male",BY7>=7,BY7<=8),2,(IF(AND(B7="male",BY7>=9,BY7<=12),3,(IF(AND(B7="male",BY7>=13,BY7<=16),4,IF(AND(B7="male",BY7>=17),5,IF(AND(B7="female",BY7=6),1,(IF(AND(B7="female",BY7>=7,BY7<=8),2,(IF(AND(B7="female",BY7>=9,BY7<=12),3,(IF(AND(B7="female",BY7>=13,BY7<=17),4,IF(AND(B7="female",BY7>=18),5,"")))))))))))))))) -> 3 | CA7: =SUM($BF7:$BP7) -> 28 | CB7: =IF(AND(B7="male",CA7=11),1,(IF(AND(B7="male",CA7>=12,CA7<=15),2,(IF(AND(B7="male",CA7>=16,CA7<=21),3,(IF(AND(B7="male",CA7>=22,CA7<=26),4,IF(AND(B7="male",CA7>=27),5,IF(AND(B7="female",CA7<=13),1,(IF(AND(B7="female",CA7>=14,CA7<=17),2,(IF(AND(B7="female",CA7>=18,CA7<=23),3,(IF(AND(B7="female",CA7>=24,CA7<=29),4,IF(AND(B7="female",CA7>=30),5,"")))))))))))))))) -> 5 | CC7: =IF(('2回目フォームの回答 '!AW7="非常に"),1,(IF(('2回目フォームの回答 '!AW7="かなり"),2,(IF(('2回目フォームの回答 '!AW7="多少"),3,(IF(('2回目フォームの回答 '!AW7="全くない"),4,""))))))) -> 3 | CD7: =IF(('2回目フォームの回答 '!AX7="非常に"),1,(IF(('2回目フォームの回答 '!AX7="かなり"),2,(IF(('2回目フォームの回答 '!AX7="多少"),3,(IF(('2回目フォームの回答 '!AX7="全くない"),4,""))))))) -> 3 | CE7: =IF(('2回目フォームの回答 '!AY7="非常に"),1,(IF(('2回目フォームの回答 '!AY7="かなり"),2,(IF(('2回目フォームの回答 '!AY7="多少"),3,(IF(('2回目フォームの回答 '!AY7="全くない"),4,""))))))) -> 3 | CF7: =IF(('2回目フォームの回答 '!AZ7="非常に"),1,(IF(('2回目フォームの回答 '!AZ7="かなり"),2,(IF(('2回目フォームの回答 '!AZ7="多少"),3,(IF(('2回目フォームの回答 '!AZ7="全くない"),4,""))))))) -> 3 | CG7: =IF(('2回目フォームの回答 '!BA7="非常に"),1,(IF(('2回目フォームの回答 '!BA7="かなり"),2,(IF(('2回目フォームの回答 '!BA7="多少"),3,(IF(('2回目フォームの回答 '!BA7="全くない"),4,""))))))) -> 3 | CH7: =IF(('2回目フォームの回答 '!BB7="非常に"),1,(IF(('2回目フォームの回答 '!BB7="かなり"),2,(IF(('2回目フォームの回答 '!BB7="多少"),3,(IF(('2回目フォームの回答 '!BB7="全くない"),4,""))))))) -> 3 | CI7: =IF(('2回目フォームの回答 '!BC7="非常に"),1,(IF(('2回目フォームの回答 '!BC7="かなり"),2,(IF(('2回目フォームの回答 '!BC7="多少"),3,(IF(('2回目フォームの回答 '!BC7="全くない"),4,""))))))) -> 3 | CJ7: =IF(('2回目フォームの回答 '!BD7="非常に"),1,(IF(('2回目フォームの回答 '!BD7="かなり"),2,(IF(('2回目フォームの回答 '!BD7="多少"),3,(IF(('2回目フォームの回答 '!BD7="全くない"),4,""))))))) -> 3 | CK7: =IF(('2回目フォームの回答 '!BE7="非常に"),1,(IF(('2回目フォームの回答 '!BE7="かなり"),2,(IF(('2回目フォームの回答 '!BE7="多少"),3,(IF(('2回目フォームの回答 '!BE7="全くない"),4,""))))))) -> 3 | CL7: =IF(('2回目フォームの回答 '!BF7="満足"),1,(IF(('2回目フォームの回答 '!BF7="まぁ満足"),2,(IF(('2回目フォームの回答 '!BF7="やや満足"),3,(IF(('2回目フォームの回答 '!BF7="不満足"),4,""))))))) -> 3 | CM7: =IF(('2回目フォームの回答 '!BG7="満足"),1,(IF(('2回目フォームの回答 '!BG7="まぁ満足"),2,(IF(('2回目フォームの回答 '!BG7="やや満足"),3,(IF(('2回目フォームの回答 '!BG7="不満足"),4,""))))))) -> 3 | CN7: =15-($CC7+$CF7+$CI7) -> 6 | CO7: =IF(AND(B7="male",CN7<=4),5,(IF(AND(B7="male",CN7>=5,CN7<=6),4,(IF(AND(B7="male",CN7>=7,CN7<=8),3,(IF(AND(B7="male",CN7>=9,CN7<=10),2,IF(AND(B7="male",CN7>=11),1,IF(AND(B7="female",CN7<=3),5,(IF(AND(B7="female",CN7>=4,CN7<=5),4,(IF(AND(B7="female",CN7>=6,CN7<=7),3,(IF(AND(B7="female",CN7>=8,CN7<=10),2,IF(AND(B7="female",CN7>=11),1,"")))))))))))))))) -> 4 | CP7: =15-($CD7+$CG7+$CJ7) -> 6 | CQ7: =IF((CP7<=5),5,(IF(AND(CP7>=6,CP7<=7),4,(IF(AND(CP7>=8,CP7<=9),3,(IF(AND(CP7>=10,AF7<=11),2,IF(AF7>=12,1,"")))))))) -> 4 | CR7: =15-($CE7+$CH7+$CK7) -> 6 | CS7: =IF((CR7<=6),5,(IF(AND(CR7>=7,CR7<=8),4,IF((CR7=9),3,IF(AND(CR7>=10,CR7<=11),2,IF(CR7>=12,1,"")))))) -> 5 | CT7: =10-($CL7+$CM7) -> 4 | CU7: =IF((CT7<=3),5,(IF((CT7=4),4,IF(AND(CT7>=5,CT7<=6),3,IF((CT7=7),2,IF(CT7>=8,1,"")))))) -> 4 | CV7: =BR7+BT7+BV7+BX7+BZ7+CB7 -> 19 | CW7: =W7+Y7+AA7+AC7+AE7+AG7+AI7+AK7+AM7 -> 29 | CX7: =CO7+CQ7+CS7 -> 13 | CY7: =IF((CV7>=24),"高",IF(AND(CV7>=19,CV7<=23,(CW7+CX7)>=46),"高",IF(AND(CV7>=19,CV7<=23,(CW7+CX7)>=12,(CW7+CX7)<=45),"中①",IF(AND(CV7>=6,CV7<=18,(CW7+CX7)>=46),"中②","低")))) -> 中① | CZ7: ='2回目フォームの回答 '!BH7 -> 0.5 | DA7: =1-CZ7 -> 0.5 | DB7: =IF(('2回目フォームの回答 '!BI7="いつもより寝つきは良い"),0,(IF(('2回目フォームの回答 '!BI7="いつもより少し時間がかかった"),1,(IF(('2回目フォームの回答 '!BI7="いつもよりかなり時間がかかった"),2,(IF(('2回目フォームの回答 '!BI7="いつもより非常に時間がかかった、あるいは全く眠れなかった"),3,""))))))) -> 1 | DC7: =IF(('2回目フォームの回答 '!BJ7="問題になるほどのことはなかった"),0,(IF(('2回目フォームの回答 '!BJ7="少し困ることがある"),1,(IF(('2回目フォームの回答 '!BJ7="かなり困っている"),2,(IF(('2回目フォームの回答 '!BJ7="深刻な状態、あるいは全く眠れなかった"),3,""))))))) -> 2 | DD7: =IF(('2回目フォームの回答 '!BK7="そのようなことはなかった"),0,(IF(('2回目フォームの回答 '!BK7="少し早かった"),1,(IF(('2回目フォームの回答 '!BK7="かなり早かった"),2,(IF(('2回目フォームの回答 '!BK7="非常に早かった、あるいは全く眠れなかった"),3,""))))))) -> 2 | DE7: =IF(('2回目フォームの回答 '!BL7="十分である"),0,(IF(('2回目フォームの回答 '!BL7="少し足りない"),1,(IF(('2回目フォームの回答 '!BL7="かなり足りない"),2,(IF(('2回目フォームの回答 '!BL7="全く足りない、あるいは全く眠れなかった"),3,""))))))) -> 2 | DF7: =IF(('2回目フォームの回答 '!BM7="満足している"),0,(IF(('2回目フォームの回答 '!BM7="少し不満である"),1,(IF(('2回目フォームの回答 '!BM7="かなり不満である"),2,(IF(('2回目フォームの回答 '!BM7="非常に不満である、あるいは全く眠れなかった"),3,""))))))) -> 2 | DG7: =IF(('2回目フォームの回答 '!BN7="いつもどおり"),0,(IF(('2回目フォームの回答 '!BN7="少し滅入った"),1,(IF(('2回目フォームの回答 '!BN7="かなり滅入った"),2,(IF(('2回目フォームの回答 '!BN7="非常に滅入った"),3,""))))))) -> 1 | DH7: =IF(('2回目フォームの回答 '!BO7="いつもどおり"),0,(IF(('2回目フォームの回答 '!BO7="少し低下した"),1,(IF(('2回目フォームの回答 '!BO7="かなり低下した"),2,(IF(('2回目フォームの回答 '!BO7="非常に低下した"),3,""))))))) -> 2 | DI7: =IF(('2回目フォームの回答 '!BP7="全くなかった"),0,(IF(('2回目フォームの回答 '!BP7="少しあった"),1,(IF(('2回目フォームの回答 '!BP7="かなりあった"),2,(IF(('2回目フォームの回答 '!BP7="激しかった"),3,""))))))) -> 1 | DJ7: =SUM(DB7:DI7) -> 13 | DK7: =IF((DJ7<=3),"低",(IF(AND(DJ7>=4,DJ7<=5),"中",(IF((DJ7>=6),"高",""))))) -> 高 | DL7: 18.2 | DM7: 17 | DN7: 11.2 | DO7: =DL7+DM7+DN7 -> 46.4 | DT7: 303 | DU7: =INDEX('1回目結果'!DR:DR,MATCH($DT7,'1回目結果'!$A:$A,0)) -> 0.128 | DV7: =INDEX('1回目結果'!DS:DS,MATCH($DT7,'1回目結果'!$A:$A,0)) -> 12.08 | DW7: =INDEX('1回目結果'!DT:DT,MATCH($DT7,'1回目結果'!$A:$A,0)) -> 1.06 | DX7: =INDEX('1回目結果'!DU:DU,MATCH($DT7,'1回目結果'!$A:$A,0)) -> 10 | DY7: =IFERROR(INDEX('1回目結果'!DL:DL,MATCH('2回目結果'!$DT7,'1回目結果'!$A:$A,0)),"") -> 18.7 | DZ7: =IFERROR(INDEX('1回目結果'!DM:DM,MATCH('2回目結果'!$DT7,'1回目結果'!$A:$A,0)),"") -> 18 | EA7: =IFERROR(INDEX('1回目結果'!DN:DN,MATCH('2回目結果'!$DT7,'1回目結果'!$A:$A,0)),"") -> 18.8 | EB7: =IFERROR(INDEX('1回目結果'!DO:DO,MATCH('2回目結果'!$DT7,'1回目結果'!$A:$A,0)),"") -> 55.5 | EC7: =IFERROR(INDEX('1回目結果'!DP:DP,MATCH('2回目結果'!$DT7,'1回目結果'!$A:$A,0)),"") -> 0 | ED7: =IFERROR(INDEX('1回目結果'!DQ:DQ,MATCH('2回目結果'!$DT7,'1回目結果'!$A:$A,0)),"") -> 0 | EE7: 0.204 | EF7: 39.47 | EG7: 0.52 | EH7: 10 | EI7: メンタルアラートなし（-） | EJ7: =EH7/DX7 -> 1 | EL7: =DO7-EB7 -> -9.1 | EM7: =DN7-EA7 -> -7.6
A8: 327 | B8: male | C8: 32955 | D8: 34 | E8: =IF(('2回目フォームの回答 '!C8="そうだ"),1,(IF(('2回目フォームの回答 '!C8="まぁそうだ"),2,(IF(('2回目フォームの回答 '!C8="ややちがう"),3,(IF(('2回目フォームの回答 '!C8="ちがう"),4,""))))))) -> 3 | F8: =IF(('2回目フォームの回答 '!D8="そうだ"),1,(IF(('2回目フォームの回答 '!D8="まぁそうだ"),2,(IF(('2回目フォームの回答 '!D8="ややちがう"),3,(IF(('2回目フォームの回答 '!D8="ちがう"),4,""))))))) -> 3 | G8: =IF(('2回目フォームの回答 '!E8="そうだ"),1,(IF(('2回目フォームの回答 '!E8="まぁそうだ"),2,(IF(('2回目フォームの回答 '!E8="ややちがう"),3,(IF(('2回目フォームの回答 '!E8="ちがう"),4,""))))))) -> 2 | H8: =IF(('2回目フォームの回答 '!F8="そうだ"),1,(IF(('2回目フォームの回答 '!F8="まぁそうだ"),2,(IF(('2回目フォームの回答 '!F8="ややちがう"),3,(IF(('2回目フォームの回答 '!F8="ちがう"),4,""))))))) -> 2 | I8: =IF(('2回目フォームの回答 '!G8="そうだ"),1,(IF(('2回目フォームの回答 '!G8="まぁそうだ"),2,(IF(('2回目フォームの回答 '!G8="ややちがう"),3,(IF(('2回目フォームの回答 '!G8="ちがう"),4,""))))))) -> 2 | J8: =IF(('2回目フォームの回答 '!H8="そうだ"),1,(IF(('2回目フォームの回答 '!H8="まぁそうだ"),2,(IF(('2回目フォームの回答 '!H8="ややちがう"),3,(IF(('2回目フォームの回答 '!H8="ちがう"),4,""))))))) -> 2 | K8: =IF(('2回目フォームの回答 '!I8="そうだ"),1,(IF(('2回目フォームの回答 '!I8="まぁそうだ"),2,(IF(('2回目フォームの回答 '!I8="ややちがう"),3,(IF(('2回目フォームの回答 '!I8="ちがう"),4,""))))))) -> 3 | L8: =IF(('2回目フォームの回答 '!J8="そうだ"),1,(IF(('2回目フォームの回答 '!J8="まぁそうだ"),2,(IF(('2回目フォームの回答 '!J8="ややちがう"),3,(IF(('2回目フォームの回答 '!J8="ちがう"),4,""))))))) -> 2 | ... U8: =IF(('2回目フォームの回答 '!S8="そうだ"),1,(IF(('2回目フォームの回答 '!S8="まぁそうだ"),2,(IF(('2回目フォームの回答 '!S8="ややちがう"),3,(IF(('2回目フォームの回答 '!S8="ちがう"),4,""))))))) -> 2 | V8: =15-($E8+$F8+$G8) -> 7 | W8: =IF(AND(B8="male",V8<=5),1,(IF(AND(B8="male",V8>=6,V8<=7),2,(IF(AND(B8="male",V8>=8,V8<=9),3,(IF(AND(B8="male",V8>=10,V8<=11),4,IF(AND(B8="male",V8>=12),5,IF(AND(B8="female",V8<=4),1,(IF(AND(B8="female",V8>=5,V8<=6),2,(IF(AND(B8="female",V8>=7,V8<=9),3,(IF(AND(B8="female",V8>=10,V8<=11),4,IF(AND(B8="female",V8>=12),5,"")))))))))))))))) -> 2 | X8: =15-($H8+$I8+$J8) -> 9 | Y8: =IF(AND(B8="male",X8<=5),1,(IF(AND(B8="male",X8>=6,X8<=7),2,(IF(AND(B8="male",X8>=8,X8<=9),3,(IF(AND(B8="male",X8>=10,X8<=11),4,IF(AND(B8="male",X8>=12),5,IF(AND(B8="female",X8<=4),1,(IF(AND(B8="female",X8>=5,X8<=6),2,(IF(AND(B8="female",X8>=7,X8<=8),3,(IF(AND(B8="female",X8>=9,X8<=10),4,IF(AND(B8="female",X8>=11),5,"")))))))))))))))) -> 3 | Z8: =5-$K8 -> 2 | AA8: =IF(Z8=1,2,IF(Z8=2,3,(IF(Z8=3,4,(IF(Z8=4,5,"")))))) -> 3 | AB8: =10-($P8+Q8)+$R8 -> 6 | AC8: =IF((AB8=3),1,(IF(AND(AB8>=4,AB8<=5),2,(IF(AND(AB8>=6,AB8<=7),3,(IF(AND(AB8>=8,AB8<=9),4,IF(AB8>=10,5,"")))))))) -> 3 | AD8: =5-$S8 -> 2 | AE8: =IF(AND(B8="male",AD8=1),2,IF(AND(B8="male",AD8=2),3,(IF(AND(B8="male",AD8=3),4,(IF(AND(B8="male",AD8=4),5,IF(AND(B8="female",AD8=1),1,IF(AND(B8="female",AD8=2),3,(IF(AND(B8="female",AD8=3),4,(IF(AND(B8="female",AD8=4),5,"")))))))))))) -> 3 | AF8: =15-($L8+$M8+$N8) -> 9 | AG8: =IF(AND(B8="male",AF8<=4),5,(IF(AND(B8="male",AF8>=5,AF8<=6),4,(IF(AND(B8="male",AF8>=7,AF8<=8),3,(IF(AND(B8="male",AF8>=9,AF8<=10),2,IF(AND(B8="male",AF8>=11),1,IF(AND(B8="female",AF8<=3),5,(IF(AND(B8="female",AF8>=4,AF8<=5),4,(IF(AND(B8="female",AF8>=6,AF8<=8),3,(IF(AND(B8="female",AF8>=9,AF8<=10),2,IF(AND(B8="female",AF8>=11),1,"")))))))))))))))) -> 2 | AH8: =$O8 -> 3 | AI8: =IF(AH8=1,5,IF(AH8=2,4,(IF(AH8=3,3,(IF(AH8=4,2,"")))))) -> 3 | AJ8: =5-$T8 -> 3 | AK8: =IF(AJ8=1,5,IF(AJ8=2,4,(IF(AJ8=3,3,(IF(AJ8=4,1,"")))))) -> 3 | AL8: =5-$U8 -> 3 | AM8: =IF(AL8=1,5,IF(AL8=2,4,(IF(AL8=3,3,(IF(AL8=4,1,"")))))) -> 3 | AN8: =IF(('2回目フォームの回答 '!T8="ほとんどなかった"),1,(IF(('2回目フォームの回答 '!T8="ときどきあった"),2,(IF(('2回目フォームの回答 '!T8="しばしばあった"),3,(IF(('2回目フォームの回答 '!T8="ほとんどいつもあった"),4,""))))))) -> 2 | AO8: =IF(('2回目フォームの回答 '!U8="ほとんどなかった"),1,(IF(('2回目フォームの回答 '!U8="ときどきあった"),2,(IF(('2回目フォームの回答 '!U8="しばしばあった"),3,(IF(('2回目フォームの回答 '!U8="ほとんどいつもあった"),4,""))))))) -> 2 | AP8: =IF(('2回目フォームの回答 '!V8="ほとんどなかった"),1,(IF(('2回目フォームの回答 '!V8="ときどきあった"),2,(IF(('2回目フォームの回答 '!V8="しばしばあった"),3,(IF(('2回目フォームの回答 '!V8="ほとんどいつもあった"),4,""))))))) -> 2 | AQ8: =IF(('2回目フォームの回答 '!W8="ほとんどなかった"),1,(IF(('2回目フォームの回答 '!W8="ときどきあった"),2,(IF(('2回目フォームの回答 '!W8="しばしばあった"),3,(IF(('2回目フォームの回答 '!W8="ほとんどいつもあった"),4,""))))))) -> 2 | AR8: =IF(('2回目フォームの回答 '!X8="ほとんどなかった"),1,(IF(('2回目フォームの回答 '!X8="ときどきあった"),2,(IF(('2回目フォームの回答 '!X8="しばしばあった"),3,(IF(('2回目フォームの回答 '!X8="ほとんどいつもあった"),4,""))))))) -> 3 | AS8: =IF(('2回目フォームの回答 '!Y8="ほとんどなかった"),1,(IF(('2回目フォームの回答 '!Y8="ときどきあった"),2,(IF(('2回目フォームの回答 '!Y8="しばしばあった"),3,(IF(('2回目フォームの回答 '!Y8="ほとんどいつもあった"),4,""))))))) -> 3 | AT8: =IF(('2回目フォームの回答 '!Z8="ほとんどなかった"),1,(IF(('2回目フォームの回答 '!Z8="ときどきあった"),2,(IF(('2回目フォームの回答 '!Z8="しばしばあった"),3,(IF(('2回目フォームの回答 '!Z8="ほとんどいつもあった"),4,""))))))) -> 2 | AU8: =IF(('2回目フォームの回答 '!AA8="ほとんどなかった"),1,(IF(('2回目フォームの回答 '!AA8="ときどきあった"),2,(IF(('2回目フォームの回答 '!AA8="しばしばあった"),3,(IF(('2回目フォームの回答 '!AA8="ほとんどいつもあった"),4,""))))))) -> 2 | AV8: =IF(('2回目フォームの回答 '!AB8="ほとんどなかった"),1,(IF(('2回目フォームの回答 '!AB8="ときどきばあった"),2,(IF(('2回目フォームの回答 '!AB8="しばしばあった"),3,(IF(('2回目フォームの回答 '!AB8="ほとんどいつもあった"),4,""))))))) -> 2 | AW8: =IF(('2回目フォームの回答 '!AC8="ほとんどなかった"),1,(IF(('2回目フォームの回答 '!AC8="ときどきあった"),2,(IF(('2回目フォームの回答 '!AC8="しばしばあった"),3,(IF(('2回目フォームの回答 '!AC8="ほとんどいつもあった"),4,""))))))) -> 3 | AX8: =IF(('2回目フォームの回答 '!AD8="ほとんどなかった"),1,(IF(('2回目フォームの回答 '!AD8="ときどきあった"),2,(IF(('2回目フォームの回答 '!AD8="しばしばあった"),3,(IF(('2回目フォームの回答 '!AD8="ほとんどいつもあった"),4,""))))))) -> 3 | AY8: =IF(('2回目フォームの回答 '!AE8="ほとんどなかった"),1,(IF(('2回目フォームの回答 '!AE8="ときどきあった"),2,(IF(('2回目フォームの回答 '!AE8="しばしばあった"),3,(IF(('2回目フォームの回答 '!AE8="ほとんどいつもあった"),4,""))))))) -> 3 | AZ8: =IF(('2回目フォームの回答 '!AF8="ほとんどなかった"),1,(IF(('2回目フォームの回答 '!AF8="ときどきあった"),2,(IF(('2回目フォームの回答 '!AF8="しばしばあった"),3,(IF(('2回目フォームの回答 '!AF8="ほとんどいつもあった"),4,""))))))) -> 3 | BA8: =IF(('2回目フォームの回答 '!AG8="ほとんどなかった"),1,(IF(('2回目フォームの回答 '!AG8="ときどきあった"),2,(IF(('2回目フォームの回答 '!AG8="しばしばあった"),3,(IF(('2回目フォームの回答 '!AG8="ほとんどいつもあった"),4,""))))))) -> 2 | BB8: =IF(('2回目フォームの回答 '!AH8="ほとんどなかった"),1,(IF(('2回目フォームの回答 '!AH8="ときどきあった"),2,(IF(('2回目フォームの回答 '!AH8="しばしばあった"),3,(IF(('2回目フォームの回答 '!AH8="ほとんどいつもあった"),4,""))))))) -> 2 | BC8: =IF(('2回目フォームの回答 '!AI8="ほとんどなかった"),1,(IF(('2回目フォームの回答 '!AI8="ときどきあった"),2,(IF(('2回目フォームの回答 '!AI8="しばしばあった"),3,(IF(('2回目フォームの回答 '!AI8="ほとんどいつもあった"),4,""))))))) -> 3 | BD8: =IF(('2回目フォームの回答 '!AJ8="ほとんどなかった"),1,(IF(('2回目フォームの回答 '!AJ8="ときどきあった"),2,(IF(('2回目フォームの回答 '!AJ8="しばしばあった"),3,(IF(('2回目フォームの回答 '!AJ8="ほとんどいつもあった"),4,""))))))) -> 2 | ... BP8: =IF(('2回目フォームの回答 '!AV8="ほとんどなかった"),1,(IF(('2回目フォームの回答 '!AV8="ときどきあった"),2,(IF(('2回目フォームの回答 '!AV8="しばしばあった"),3,(IF(('2回目フォームの回答 '!AV8="ほとんどいつもあった"),4,""))))))) -> 3 | BQ8: =$AN8+$AO8+$AP8 -> 6 | BR8: =IF((BQ8=3),5,(IF(AND(BQ8>=4,BQ8<=5),4,(IF(AND(BQ8>=6,BQ8<=7),3,(IF(AND(BQ8>=8,BQ8<=9),2,IF(BQ8>=10,1,"")))))))) -> 3 | BS8: =$AQ8+$AR8+$AS8 -> 8 | BT8: =IF(AND(B8="male",BS8=3),1,(IF(AND(B8="male",BS8>=4,BS8<=5),2,(IF(AND(B8="male",BS8>=6,BS8<=7),3,(IF(AND(B8="male",BS8>=8,BS8<=9),4,IF(AND(B8="male",BS8>=10),5,IF(AND(B8="female",BS8=3),1,(IF(AND(B8="female",BS8>=4,BS8<=5),2,(IF(AND(B8="female",BS8>=6,BS8<=8),3,(IF(AND(B8="female",BS8>=9,BS8<=10),4,IF(AND(B8="female",BS8>=11),5,"")))))))))))))))) -> 4 | BU8: =$AT8+$AU8+$AV8 -> 6 | BV8: =IF(AND(B8="male",BU8=3),1,(IF(AND(B8="male",BU8=4),2,(IF(AND(B8="male",BU8>=5,BU8<=7),3,(IF(AND(B8="male",BU8>=8,BU8<=10),4,IF(AND(B8="male",BU8>=11),5,IF(AND(B8="female",BU8=3),1,(IF(AND(B8="female",BU8>=4,BU8<=5),2,(IF(AND(B8="female",BU8>=6,BU8<=8),3,(IF(AND(B8="female",BU8>=9,BU8<=11),4,IF(AND(B8="female",BU8>=12),5,"")))))))))))))))) -> 3 | BW8: =$AW8+$AX8+$AY8 -> 9 | BX8: =IF(AND(B8="male",BW8=3),1,(IF(AND(B8="male",BW8=4),2,(IF(AND(B8="male",BW8>=5,BW8<=7),3,(IF(AND(B8="male",BW8>=8,BW8<=9),4,(IF(AND(B8="male",BW8>=10),5,(IF(AND(B8="female",BW8=3),1,(IF(AND(B8="female",BW8=4),2,(IF(AND(B8="female",BW8>=5,BW8<=7),3,(IF(AND(B8="female",BW8>=8,BW8<=10),4,IF(AND(B8="female",BW8>=11),5,"")))))))))))))))))) -> 4 | BY8: =SUM($AZ8:$BE8) -> 15 | BZ8: =IF(AND(B8="male",BY8=6),1,(IF(AND(B8="male",BY8>=7,BY8<=8),2,(IF(AND(B8="male",BY8>=9,BY8<=12),3,(IF(AND(B8="male",BY8>=13,BY8<=16),4,IF(AND(B8="male",BY8>=17),5,IF(AND(B8="female",BY8=6),1,(IF(AND(B8="female",BY8>=7,BY8<=8),2,(IF(AND(B8="female",BY8>=9,BY8<=12),3,(IF(AND(B8="female",BY8>=13,BY8<=17),4,IF(AND(B8="female",BY8>=18),5,"")))))))))))))))) -> 4 | CA8: =SUM($BF8:$BP8) -> 23 | CB8: =IF(AND(B8="male",CA8=11),1,(IF(AND(B8="male",CA8>=12,CA8<=15),2,(IF(AND(B8="male",CA8>=16,CA8<=21),3,(IF(AND(B8="male",CA8>=22,CA8<=26),4,IF(AND(B8="male",CA8>=27),5,IF(AND(B8="female",CA8<=13),1,(IF(AND(B8="female",CA8>=14,CA8<=17),2,(IF(AND(B8="female",CA8>=18,CA8<=23),3,(IF(AND(B8="female",CA8>=24,CA8<=29),4,IF(AND(B8="female",CA8>=30),5,"")))))))))))))))) -> 4 | CC8: =IF(('2回目フォームの回答 '!AW8="非常に"),1,(IF(('2回目フォームの回答 '!AW8="かなり"),2,(IF(('2回目フォームの回答 '!AW8="多少"),3,(IF(('2回目フォームの回答 '!AW8="全くない"),4,""))))))) -> 3 | CD8: =IF(('2回目フォームの回答 '!AX8="非常に"),1,(IF(('2回目フォームの回答 '!AX8="かなり"),2,(IF(('2回目フォームの回答 '!AX8="多少"),3,(IF(('2回目フォームの回答 '!AX8="全くない"),4,""))))))) -> 3 | CE8: =IF(('2回目フォームの回答 '!AY8="非常に"),1,(IF(('2回目フォームの回答 '!AY8="かなり"),2,(IF(('2回目フォームの回答 '!AY8="多少"),3,(IF(('2回目フォームの回答 '!AY8="全くない"),4,""))))))) -> 3 | CF8: =IF(('2回目フォームの回答 '!AZ8="非常に"),1,(IF(('2回目フォームの回答 '!AZ8="かなり"),2,(IF(('2回目フォームの回答 '!AZ8="多少"),3,(IF(('2回目フォームの回答 '!AZ8="全くない"),4,""))))))) -> 3 | CG8: =IF(('2回目フォームの回答 '!BA8="非常に"),1,(IF(('2回目フォームの回答 '!BA8="かなり"),2,(IF(('2回目フォームの回答 '!BA8="多少"),3,(IF(('2回目フォームの回答 '!BA8="全くない"),4,""))))))) -> 3 | CH8: =IF(('2回目フォームの回答 '!BB8="非常に"),1,(IF(('2回目フォームの回答 '!BB8="かなり"),2,(IF(('2回目フォームの回答 '!BB8="多少"),3,(IF(('2回目フォームの回答 '!BB8="全くない"),4,""))))))) -> 3 | CI8: =IF(('2回目フォームの回答 '!BC8="非常に"),1,(IF(('2回目フォームの回答 '!BC8="かなり"),2,(IF(('2回目フォームの回答 '!BC8="多少"),3,(IF(('2回目フォームの回答 '!BC8="全くない"),4,""))))))) -> 3 | CJ8: =IF(('2回目フォームの回答 '!BD8="非常に"),1,(IF(('2回目フォームの回答 '!BD8="かなり"),2,(IF(('2回目フォームの回答 '!BD8="多少"),3,(IF(('2回目フォームの回答 '!BD8="全くない"),4,""))))))) -> 3 | CK8: =IF(('2回目フォームの回答 '!BE8="非常に"),1,(IF(('2回目フォームの回答 '!BE8="かなり"),2,(IF(('2回目フォームの回答 '!BE8="多少"),3,(IF(('2回目フォームの回答 '!BE8="全くない"),4,""))))))) -> 3 | CL8: =IF(('2回目フォームの回答 '!BF8="満足"),1,(IF(('2回目フォームの回答 '!BF8="まぁ満足"),2,(IF(('2回目フォームの回答 '!BF8="やや満足"),3,(IF(('2回目フォームの回答 '!BF8="不満足"),4,""))))))) -> 2 | CM8: =IF(('2回目フォームの回答 '!BG8="満足"),1,(IF(('2回目フォームの回答 '!BG8="まぁ満足"),2,(IF(('2回目フォームの回答 '!BG8="やや満足"),3,(IF(('2回目フォームの回答 '!BG8="不満足"),4,""))))))) -> 3 | CN8: =15-($CC8+$CF8+$CI8) -> 6 | CO8: =IF(AND(B8="male",CN8<=4),5,(IF(AND(B8="male",CN8>=5,CN8<=6),4,(IF(AND(B8="male",CN8>=7,CN8<=8),3,(IF(AND(B8="male",CN8>=9,CN8<=10),2,IF(AND(B8="male",CN8>=11),1,IF(AND(B8="female",CN8<=3),5,(IF(AND(B8="female",CN8>=4,CN8<=5),4,(IF(AND(B8="female",CN8>=6,CN8<=7),3,(IF(AND(B8="female",CN8>=8,CN8<=10),2,IF(AND(B8="female",CN8>=11),1,"")))))))))))))))) -> 4 | CP8: =15-($CD8+$CG8+$CJ8) -> 6 | CQ8: =IF((CP8<=5),5,(IF(AND(CP8>=6,CP8<=7),4,(IF(AND(CP8>=8,CP8<=9),3,(IF(AND(CP8>=10,AF8<=11),2,IF(AF8>=12,1,"")))))))) -> 4 | CR8: =15-($CE8+$CH8+$CK8) -> 6 | CS8: =IF((CR8<=6),5,(IF(AND(CR8>=7,CR8<=8),4,IF((CR8=9),3,IF(AND(CR8>=10,CR8<=11),2,IF(CR8>=12,1,"")))))) -> 5 | CT8: =10-($CL8+$CM8) -> 5 | CU8: =IF((CT8<=3),5,(IF((CT8=4),4,IF(AND(CT8>=5,CT8<=6),3,IF((CT8=7),2,IF(CT8>=8,1,"")))))) -> 3 | CV8: =BR8+BT8+BV8+BX8+BZ8+CB8 -> 22 | CW8: =W8+Y8+AA8+AC8+AE8+AG8+AI8+AK8+AM8 -> 25 | CX8: =CO8+CQ8+CS8 -> 13 | CY8: =IF((CV8>=24),"高",IF(AND(CV8>=19,CV8<=23,(CW8+CX8)>=46),"高",IF(AND(CV8>=19,CV8<=23,(CW8+CX8)>=12,(CW8+CX8)<=45),"中①",IF(AND(CV8>=6,CV8<=18,(CW8+CX8)>=46),"中②","低")))) -> 中① | CZ8: ='2回目フォームの回答 '!BH8 -> 0.8 | DA8: =1-CZ8 -> 0.2 | DB8: =IF(('2回目フォームの回答 '!BI8="いつもより寝つきは良い"),0,(IF(('2回目フォームの回答 '!BI8="いつもより少し時間がかかった"),1,(IF(('2回目フォームの回答 '!BI8="いつもよりかなり時間がかかった"),2,(IF(('2回目フォームの回答 '!BI8="いつもより非常に時間がかかった、あるいは全く眠れなかった"),3,""))))))) -> 0 | DC8: =IF(('2回目フォームの回答 '!BJ8="問題になるほどのことはなかった"),0,(IF(('2回目フォームの回答 '!BJ8="少し困ることがある"),1,(IF(('2回目フォームの回答 '!BJ8="かなり困っている"),2,(IF(('2回目フォームの回答 '!BJ8="深刻な状態、あるいは全く眠れなかった"),3,""))))))) -> 1 | DD8: =IF(('2回目フォームの回答 '!BK8="そのようなことはなかった"),0,(IF(('2回目フォームの回答 '!BK8="少し早かった"),1,(IF(('2回目フォームの回答 '!BK8="かなり早かった"),2,(IF(('2回目フォームの回答 '!BK8="非常に早かった、あるいは全く眠れなかった"),3,""))))))) -> 1 | DE8: =IF(('2回目フォームの回答 '!BL8="十分である"),0,(IF(('2回目フォームの回答 '!BL8="少し足りない"),1,(IF(('2回目フォームの回答 '!BL8="かなり足りない"),2,(IF(('2回目フォームの回答 '!BL8="全く足りない、あるいは全く眠れなかった"),3,""))))))) -> 1 | DF8: =IF(('2回目フォームの回答 '!BM8="満足している"),0,(IF(('2回目フォームの回答 '!BM8="少し不満である"),1,(IF(('2回目フォームの回答 '!BM8="かなり不満である"),2,(IF(('2回目フォームの回答 '!BM8="非常に不満である、あるいは全く眠れなかった"),3,""))))))) -> 1 | DG8: =IF(('2回目フォームの回答 '!BN8="いつもどおり"),0,(IF(('2回目フォームの回答 '!BN8="少し滅入った"),1,(IF(('2回目フォームの回答 '!BN8="かなり滅入った"),2,(IF(('2回目フォームの回答 '!BN8="非常に滅入った"),3,""))))))) -> 1 | DH8: =IF(('2回目フォームの回答 '!BO8="いつもどおり"),0,(IF(('2回目フォームの回答 '!BO8="少し低下した"),1,(IF(('2回目フォームの回答 '!BO8="かなり低下した"),2,(IF(('2回目フォームの回答 '!BO8="非常に低下した"),3,""))))))) -> 1 | DI8: =IF(('2回目フォームの回答 '!BP8="全くなかった"),0,(IF(('2回目フォームの回答 '!BP8="少しあった"),1,(IF(('2回目フォームの回答 '!BP8="かなりあった"),2,(IF(('2回目フォームの回答 '!BP8="激しかった"),3,""))))))) -> 1 | DJ8: =SUM(DB8:DI8) -> 7 | DK8: =IF((DJ8<=3),"低",(IF(AND(DJ8>=4,DJ8<=5),"中",(IF((DJ8>=6),"高",""))))) -> 高 | DL8: 3.2 | DM8: 3.6 | DN8: 4.9 | DO8: =DL8+DM8+DN8 -> 11.7 | DQ8: 〇 | DR8: 〇 | DS8: 0.27083333 | DT8: 298 | DU8: =INDEX('1回目結果'!DR:DR,MATCH($DT8,'1回目結果'!$A:$A,0)) -> 0.46 | DV8: =INDEX('1回目結果'!DS:DS,MATCH($DT8,'1回目結果'!$A:$A,0)) -> 48.04 | DW8: =INDEX('1回目結果'!DT:DT,MATCH($DT8,'1回目結果'!$A:$A,0)) -> 0.96 | DX8: =INDEX('1回目結果'!DU:DU,MATCH($DT8,'1回目結果'!$A:$A,0)) -> 48 | DY8: =IFERROR(INDEX('1回目結果'!DL:DL,MATCH('2回目結果'!$DT8,'1回目結果'!$A:$A,0)),"") -> 7.3 | DZ8: =IFERROR(INDEX('1回目結果'!DM:DM,MATCH('2回目結果'!$DT8,'1回目結果'!$A:$A,0)),"") -> 10.2 | EA8: =IFERROR(INDEX('1回目結果'!DN:DN,MATCH('2回目結果'!$DT8,'1回目結果'!$A:$A,0)),"") -> 15 | EB8: =IFERROR(INDEX('1回目結果'!DO:DO,MATCH('2回目結果'!$DT8,'1回目結果'!$A:$A,0)),"") -> 32.5 | EC8: =IFERROR(INDEX('1回目結果'!DP:DP,MATCH('2回目結果'!$DT8,'1回目結果'!$A:$A,0)),"") -> 0 | ED8: =IFERROR(INDEX('1回目結果'!DQ:DQ,MATCH('2回目結果'!$DT8,'1回目結果'!$A:$A,0)),"") -> 0 | EE8: 1.956 | EF8: 160.25 | EG8: 1.22 | EH8: 61 | EI8: メンタルアラートなし（-） | EJ8: =EH8/DX8 -> 1.2708333 | EK8: =EG8/DW8 -> 1.2708333 | EL8: =DO8-EB8 -> -20.8 | EM8: =DN8-EA8 -> -10.1
A9: 328 | B9: male | C9: 31132 | D9: 39 | E9: =IF(('2回目フォームの回答 '!C9="そうだ"),1,(IF(('2回目フォームの回答 '!C9="まぁそうだ"),2,(IF(('2回目フォームの回答 '!C9="ややちがう"),3,(IF(('2回目フォームの回答 '!C9="ちがう"),4,""))))))) -> 1 | F9: =IF(('2回目フォームの回答 '!D9="そうだ"),1,(IF(('2回目フォームの回答 '!D9="まぁそうだ"),2,(IF(('2回目フォームの回答 '!D9="ややちがう"),3,(IF(('2回目フォームの回答 '!D9="ちがう"),4,""))))))) -> 1 | G9: =IF(('2回目フォームの回答 '!E9="そうだ"),1,(IF(('2回目フォームの回答 '!E9="まぁそうだ"),2,(IF(('2回目フォームの回答 '!E9="ややちがう"),3,(IF(('2回目フォームの回答 '!E9="ちがう"),4,""))))))) -> 2 | H9: =IF(('2回目フォームの回答 '!F9="そうだ"),1,(IF(('2回目フォームの回答 '!F9="まぁそうだ"),2,(IF(('2回目フォームの回答 '!F9="ややちがう"),3,(IF(('2回目フォームの回答 '!F9="ちがう"),4,""))))))) -> 3 | I9: =IF(('2回目フォームの回答 '!G9="そうだ"),1,(IF(('2回目フォームの回答 '!G9="まぁそうだ"),2,(IF(('2回目フォームの回答 '!G9="ややちがう"),3,(IF(('2回目フォームの回答 '!G9="ちがう"),4,""))))))) -> 3 | J9: =IF(('2回目フォームの回答 '!H9="そうだ"),1,(IF(('2回目フォームの回答 '!H9="まぁそうだ"),2,(IF(('2回目フォームの回答 '!H9="ややちがう"),3,(IF(('2回目フォームの回答 '!H9="ちがう"),4,""))))))) -> 1 | K9: =IF(('2回目フォームの回答 '!I9="そうだ"),1,(IF(('2回目フォームの回答 '!I9="まぁそうだ"),2,(IF(('2回目フォームの回答 '!I9="ややちがう"),3,(IF(('2回目フォームの回答 '!I9="ちがう"),4,""))))))) -> 2 | L9: =IF(('2回目フォームの回答 '!J9="そうだ"),1,(IF(('2回目フォームの回答 '!J9="まぁそうだ"),2,(IF(('2回目フォームの回答 '!J9="ややちがう"),3,(IF(('2回目フォームの回答 '!J9="ちがう"),4,""))))))) -> 4 | ... U9: =IF(('2回目フォームの回答 '!S9="そうだ"),1,(IF(('2回目フォームの回答 '!S9="まぁそうだ"),2,(IF(('2回目フォームの回答 '!S9="ややちがう"),3,(IF(('2回目フォームの回答 '!S9="ちがう"),4,""))))))) -> 4 | V9: =15-($E9+$F9+$G9) -> 11 | W9: =IF(AND(B9="male",V9<=5),1,(IF(AND(B9="male",V9>=6,V9<=7),2,(IF(AND(B9="male",V9>=8,V9<=9),3,(IF(AND(B9="male",V9>=10,V9<=11),4,IF(AND(B9="male",V9>=12),5,IF(AND(B9="female",V9<=4),1,(IF(AND(B9="female",V9>=5,V9<=6),2,(IF(AND(B9="female",V9>=7,V9<=9),3,(IF(AND(B9="female",V9>=10,V9<=11),4,IF(AND(B9="female",V9>=12),5,"")))))))))))))))) -> 4 | X9: =15-($H9+$I9+$J9) -> 8 | Y9: =IF(AND(B9="male",X9<=5),1,(IF(AND(B9="male",X9>=6,X9<=7),2,(IF(AND(B9="male",X9>=8,X9<=9),3,(IF(AND(B9="male",X9>=10,X9<=11),4,IF(AND(B9="male",X9>=12),5,IF(AND(B9="female",X9<=4),1,(IF(AND(B9="female",X9>=5,X9<=6),2,(IF(AND(B9="female",X9>=7,X9<=8),3,(IF(AND(B9="female",X9>=9,X9<=10),4,IF(AND(B9="female",X9>=11),5,"")))))))))))))))) -> 3 | Z9: =5-$K9 -> 3 | AA9: =IF(Z9=1,2,IF(Z9=2,3,(IF(Z9=3,4,(IF(Z9=4,5,"")))))) -> 4 | AB9: =10-($P9+Q9)+$R9 -> 7 | AC9: =IF((AB9=3),1,(IF(AND(AB9>=4,AB9<=5),2,(IF(AND(AB9>=6,AB9<=7),3,(IF(AND(AB9>=8,AB9<=9),4,IF(AB9>=10,5,"")))))))) -> 3 | AD9: =5-$S9 -> 3 | AE9: =IF(AND(B9="male",AD9=1),2,IF(AND(B9="male",AD9=2),3,(IF(AND(B9="male",AD9=3),4,(IF(AND(B9="male",AD9=4),5,IF(AND(B9="female",AD9=1),1,IF(AND(B9="female",AD9=2),3,(IF(AND(B9="female",AD9=3),4,(IF(AND(B9="female",AD9=4),5,"")))))))))))) -> 4 | AF9: =15-($L9+$M9+$N9) -> 3 | AG9: =IF(AND(B9="male",AF9<=4),5,(IF(AND(B9="male",AF9>=5,AF9<=6),4,(IF(AND(B9="male",AF9>=7,AF9<=8),3,(IF(AND(B9="male",AF9>=9,AF9<=10),2,IF(AND(B9="male",AF9>=11),1,IF(AND(B9="female",AF9<=3),5,(IF(AND(B9="female",AF9>=4,AF9<=5),4,(IF(AND(B9="female",AF9>=6,AF9<=8),3,(IF(AND(B9="female",AF9>=9,AF9<=10),2,IF(AND(B9="female",AF9>=11),1,"")))))))))))))))) -> 5 | AH9: =$O9 -> 1 | AI9: =IF(AH9=1,5,IF(AH9=2,4,(IF(AH9=3,3,(IF(AH9=4,2,"")))))) -> 5 | AJ9: =5-$T9 -> 2 | AK9: =IF(AJ9=1,5,IF(AJ9=2,4,(IF(AJ9=3,3,(IF(AJ9=4,1,"")))))) -> 4 | AL9: =5-$U9 -> 1 | AM9: =IF(AL9=1,5,IF(AL9=2,4,(IF(AL9=3,3,(IF(AL9=4,1,"")))))) -> 5 | AN9: =IF(('2回目フォームの回答 '!T9="ほとんどなかった"),1,(IF(('2回目フォームの回答 '!T9="ときどきあった"),2,(IF(('2回目フォームの回答 '!T9="しばしばあった"),3,(IF(('2回目フォームの回答 '!T9="ほとんどいつもあった"),4,""))))))) -> 1 | AO9: =IF(('2回目フォームの回答 '!U9="ほとんどなかった"),1,(IF(('2回目フォームの回答 '!U9="ときどきあった"),2,(IF(('2回目フォームの回答 '!U9="しばしばあった"),3,(IF(('2回目フォームの回答 '!U9="ほとんどいつもあった"),4,""))))))) -> 1 | AP9: =IF(('2回目フォームの回答 '!V9="ほとんどなかった"),1,(IF(('2回目フォームの回答 '!V9="ときどきあった"),2,(IF(('2回目フォームの回答 '!V9="しばしばあった"),3,(IF(('2回目フォームの回答 '!V9="ほとんどいつもあった"),4,""))))))) -> 1 | AQ9: =IF(('2回目フォームの回答 '!W9="ほとんどなかった"),1,(IF(('2回目フォームの回答 '!W9="ときどきあった"),2,(IF(('2回目フォームの回答 '!W9="しばしばあった"),3,(IF(('2回目フォームの回答 '!W9="ほとんどいつもあった"),4,""))))))) -> 3 | AR9: =IF(('2回目フォームの回答 '!X9="ほとんどなかった"),1,(IF(('2回目フォームの回答 '!X9="ときどきあった"),2,(IF(('2回目フォームの回答 '!X9="しばしばあった"),3,(IF(('2回目フォームの回答 '!X9="ほとんどいつもあった"),4,""))))))) -> 3 | AS9: =IF(('2回目フォームの回答 '!Y9="ほとんどなかった"),1,(IF(('2回目フォームの回答 '!Y9="ときどきあった"),2,(IF(('2回目フォームの回答 '!Y9="しばしばあった"),3,(IF(('2回目フォームの回答 '!Y9="ほとんどいつもあった"),4,""))))))) -> 3 | AT9: =IF(('2回目フォームの回答 '!Z9="ほとんどなかった"),1,(IF(('2回目フォームの回答 '!Z9="ときどきあった"),2,(IF(('2回目フォームの回答 '!Z9="しばしばあった"),3,(IF(('2回目フォームの回答 '!Z9="ほとんどいつもあった"),4,""))))))) -> 4 | AU9: =IF(('2回目フォームの回答 '!AA9="ほとんどなかった"),1,(IF(('2回目フォームの回答 '!AA9="ときどきあった"),2,(IF(('2回目フォームの回答 '!AA9="しばしばあった"),3,(IF(('2回目フォームの回答 '!AA9="ほとんどいつもあった"),4,""))))))) -> 4 | AV9: =IF(('2回目フォームの回答 '!AB9="ほとんどなかった"),1,(IF(('2回目フォームの回答 '!AB9="ときどきばあった"),2,(IF(('2回目フォームの回答 '!AB9="しばしばあった"),3,(IF(('2回目フォームの回答 '!AB9="ほとんどいつもあった"),4,""))))))) -> 4 | AW9: =IF(('2回目フォームの回答 '!AC9="ほとんどなかった"),1,(IF(('2回目フォームの回答 '!AC9="ときどきあった"),2,(IF(('2回目フォームの回答 '!AC9="しばしばあった"),3,(IF(('2回目フォームの回答 '!AC9="ほとんどいつもあった"),4,""))))))) -> 3 | AX9: =IF(('2回目フォームの回答 '!AD9="ほとんどなかった"),1,(IF(('2回目フォームの回答 '!AD9="ときどきあった"),2,(IF(('2回目フォームの回答 '!AD9="しばしばあった"),3,(IF(('2回目フォームの回答 '!AD9="ほとんどいつもあった"),4,""))))))) -> 3 | AY9: =IF(('2回目フォームの回答 '!AE9="ほとんどなかった"),1,(IF(('2回目フォームの回答 '!AE9="ときどきあった"),2,(IF(('2回目フォームの回答 '!AE9="しばしばあった"),3,(IF(('2回目フォームの回答 '!AE9="ほとんどいつもあった"),4,""))))))) -> 3 | AZ9: =IF(('2回目フォームの回答 '!AF9="ほとんどなかった"),1,(IF(('2回目フォームの回答 '!AF9="ときどきあった"),2,(IF(('2回目フォームの回答 '!AF9="しばしばあった"),3,(IF(('2回目フォームの回答 '!AF9="ほとんどいつもあった"),4,""))))))) -> 4 | BA9: =IF(('2回目フォームの回答 '!AG9="ほとんどなかった"),1,(IF(('2回目フォームの回答 '!AG9="ときどきあった"),2,(IF(('2回目フォームの回答 '!AG9="しばしばあった"),3,(IF(('2回目フォームの回答 '!AG9="ほとんどいつもあった"),4,""))))))) -> 4 | BB9: =IF(('2回目フォームの回答 '!AH9="ほとんどなかった"),1,(IF(('2回目フォームの回答 '!AH9="ときどきあった"),2,(IF(('2回目フォームの回答 '!AH9="しばしばあった"),3,(IF(('2回目フォームの回答 '!AH9="ほとんどいつもあった"),4,""))))))) -> 3 | BC9: =IF(('2回目フォームの回答 '!AI9="ほとんどなかった"),1,(IF(('2回目フォームの回答 '!AI9="ときどきあった"),2,(IF(('2回目フォームの回答 '!AI9="しばしばあった"),3,(IF(('2回目フォームの回答 '!AI9="ほとんどいつもあった"),4,""))))))) -> 4 | BD9: =IF(('2回目フォームの回答 '!AJ9="ほとんどなかった"),1,(IF(('2回目フォームの回答 '!AJ9="ときどきあった"),2,(IF(('2回目フォームの回答 '!AJ9="しばしばあった"),3,(IF(('2回目フォームの回答 '!AJ9="ほとんどいつもあった"),4,""))))))) -> 2 | ... BP9: =IF(('2回目フォームの回答 '!AV9="ほとんどなかった"),1,(IF(('2回目フォームの回答 '!AV9="ときどきあった"),2,(IF(('2回目フォームの回答 '!AV9="しばしばあった"),3,(IF(('2回目フォームの回答 '!AV9="ほとんどいつもあった"),4,""))))))) -> 2 | BQ9: =$AN9+$AO9+$AP9 -> 3 | BR9: =IF((BQ9=3),5,(IF(AND(BQ9>=4,BQ9<=5),4,(IF(AND(BQ9>=6,BQ9<=7),3,(IF(AND(BQ9>=8,BQ9<=9),2,IF(BQ9>=10,1,"")))))))) -> 5 | BS9: =$AQ9+$AR9+$AS9 -> 9 | BT9: =IF(AND(B9="male",BS9=3),1,(IF(AND(B9="male",BS9>=4,BS9<=5),2,(IF(AND(B9="male",BS9>=6,BS9<=7),3,(IF(AND(B9="male",BS9>=8,BS9<=9),4,IF(AND(B9="male",BS9>=10),5,IF(AND(B9="female",BS9=3),1,(IF(AND(B9="female",BS9>=4,BS9<=5),2,(IF(AND(B9="female",BS9>=6,BS9<=8),3,(IF(AND(B9="female",BS9>=9,BS9<=10),4,IF(AND(B9="female",BS9>=11),5,"")))))))))))))))) -> 4 | BU9: =$AT9+$AU9+$AV9 -> 12 | BV9: =IF(AND(B9="male",BU9=3),1,(IF(AND(B9="male",BU9=4),2,(IF(AND(B9="male",BU9>=5,BU9<=7),3,(IF(AND(B9="male",BU9>=8,BU9<=10),4,IF(AND(B9="male",BU9>=11),5,IF(AND(B9="female",BU9=3),1,(IF(AND(B9="female",BU9>=4,BU9<=5),2,(IF(AND(B9="female",BU9>=6,BU9<=8),3,(IF(AND(B9="female",BU9>=9,BU9<=11),4,IF(AND(B9="female",BU9>=12),5,"")))))))))))))))) -> 5 | BW9: =$AW9+$AX9+$AY9 -> 9 | BX9: =IF(AND(B9="male",BW9=3),1,(IF(AND(B9="male",BW9=4),2,(IF(AND(B9="male",BW9>=5,BW9<=7),3,(IF(AND(B9="male",BW9>=8,BW9<=9),4,(IF(AND(B9="male",BW9>=10),5,(IF(AND(B9="female",BW9=3),1,(IF(AND(B9="female",BW9=4),2,(IF(AND(B9="female",BW9>=5,BW9<=7),3,(IF(AND(B9="female",BW9>=8,BW9<=10),4,IF(AND(B9="female",BW9>=11),5,"")))))))))))))))))) -> 4 | BY9: =SUM($AZ9:$BE9) -> 18 | BZ9: =IF(AND(B9="male",BY9=6),1,(IF(AND(B9="male",BY9>=7,BY9<=8),2,(IF(AND(B9="male",BY9>=9,BY9<=12),3,(IF(AND(B9="male",BY9>=13,BY9<=16),4,IF(AND(B9="male",BY9>=17),5,IF(AND(B9="female",BY9=6),1,(IF(AND(B9="female",BY9>=7,BY9<=8),2,(IF(AND(B9="female",BY9>=9,BY9<=12),3,(IF(AND(B9="female",BY9>=13,BY9<=17),4,IF(AND(B9="female",BY9>=18),5,"")))))))))))))))) -> 5 | CA9: =SUM($BF9:$BP9) -> 22 | CB9: =IF(AND(B9="male",CA9=11),1,(IF(AND(B9="male",CA9>=12,CA9<=15),2,(IF(AND(B9="male",CA9>=16,CA9<=21),3,(IF(AND(B9="male",CA9>=22,CA9<=26),4,IF(AND(B9="male",CA9>=27),5,IF(AND(B9="female",CA9<=13),1,(IF(AND(B9="female",CA9>=14,CA9<=17),2,(IF(AND(B9="female",CA9>=18,CA9<=23),3,(IF(AND(B9="female",CA9>=24,CA9<=29),4,IF(AND(B9="female",CA9>=30),5,"")))))))))))))))) -> 4 | CC9: =IF(('2回目フォームの回答 '!AW9="非常に"),1,(IF(('2回目フォームの回答 '!AW9="かなり"),2,(IF(('2回目フォームの回答 '!AW9="多少"),3,(IF(('2回目フォームの回答 '!AW9="全くない"),4,""))))))) -> 4 | CD9: =IF(('2回目フォームの回答 '!AX9="非常に"),1,(IF(('2回目フォームの回答 '!AX9="かなり"),2,(IF(('2回目フォームの回答 '!AX9="多少"),3,(IF(('2回目フォームの回答 '!AX9="全くない"),4,""))))))) -> 1 | CE9: =IF(('2回目フォームの回答 '!AY9="非常に"),1,(IF(('2回目フォームの回答 '!AY9="かなり"),2,(IF(('2回目フォームの回答 '!AY9="多少"),3,(IF(('2回目フォームの回答 '!AY9="全くない"),4,""))))))) -> 2 | CF9: =IF(('2回目フォームの回答 '!AZ9="非常に"),1,(IF(('2回目フォームの回答 '!AZ9="かなり"),2,(IF(('2回目フォームの回答 '!AZ9="多少"),3,(IF(('2回目フォームの回答 '!AZ9="全くない"),4,""))))))) -> 3 | CG9: =IF(('2回目フォームの回答 '!BA9="非常に"),1,(IF(('2回目フォームの回答 '!BA9="かなり"),2,(IF(('2回目フォームの回答 '!BA9="多少"),3,(IF(('2回目フォームの回答 '!BA9="全くない"),4,""))))))) -> 3 | CH9: =IF(('2回目フォームの回答 '!BB9="非常に"),1,(IF(('2回目フォームの回答 '!BB9="かなり"),2,(IF(('2回目フォームの回答 '!BB9="多少"),3,(IF(('2回目フォームの回答 '!BB9="全くない"),4,""))))))) -> 2 | CI9: =IF(('2回目フォームの回答 '!BC9="非常に"),1,(IF(('2回目フォームの回答 '!BC9="かなり"),2,(IF(('2回目フォームの回答 '!BC9="多少"),3,(IF(('2回目フォームの回答 '!BC9="全くない"),4,""))))))) -> 4 | CJ9: =IF(('2回目フォームの回答 '!BD9="非常に"),1,(IF(('2回目フォームの回答 '!BD9="かなり"),2,(IF(('2回目フォームの回答 '!BD9="多少"),3,(IF(('2回目フォームの回答 '!BD9="全くない"),4,""))))))) -> 4 | CK9: =IF(('2回目フォームの回答 '!BE9="非常に"),1,(IF(('2回目フォームの回答 '!BE9="かなり"),2,(IF(('2回目フォームの回答 '!BE9="多少"),3,(IF(('2回目フォームの回答 '!BE9="全くない"),4,""))))))) -> 1 | CL9: =IF(('2回目フォームの回答 '!BF9="満足"),1,(IF(('2回目フォームの回答 '!BF9="まぁ満足"),2,(IF(('2回目フォームの回答 '!BF9="やや満足"),3,(IF(('2回目フォームの回答 '!BF9="不満足"),4,""))))))) -> 4 | CM9: =IF(('2回目フォームの回答 '!BG9="満足"),1,(IF(('2回目フォームの回答 '!BG9="まぁ満足"),2,(IF(('2回目フォームの回答 '!BG9="やや満足"),3,(IF(('2回目フォームの回答 '!BG9="不満足"),4,""))))))) -> 4 | CN9: =15-($CC9+$CF9+$CI9) -> 4 | CO9: =IF(AND(B9="male",CN9<=4),5,(IF(AND(B9="male",CN9>=5,CN9<=6),4,(IF(AND(B9="male",CN9>=7,CN9<=8),3,(IF(AND(B9="male",CN9>=9,CN9<=10),2,IF(AND(B9="male",CN9>=11),1,IF(AND(B9="female",CN9<=3),5,(IF(AND(B9="female",CN9>=4,CN9<=5),4,(IF(AND(B9="female",CN9>=6,CN9<=7),3,(IF(AND(B9="female",CN9>=8,CN9<=10),2,IF(AND(B9="female",CN9>=11),1,"")))))))))))))))) -> 5 | CP9: =15-($CD9+$CG9+$CJ9) -> 7 | CQ9: =IF((CP9<=5),5,(IF(AND(CP9>=6,CP9<=7),4,(IF(AND(CP9>=8,CP9<=9),3,(IF(AND(CP9>=10,AF9<=11),2,IF(AF9>=12,1,"")))))))) -> 4 | CR9: =15-($CE9+$CH9+$CK9) -> 10 | CS9: =IF((CR9<=6),5,(IF(AND(CR9>=7,CR9<=8),4,IF((CR9=9),3,IF(AND(CR9>=10,CR9<=11),2,IF(CR9>=12,1,"")))))) -> 2 | CT9: =10-($CL9+$CM9) -> 2 | CU9: =IF((CT9<=3),5,(IF((CT9=4),4,IF(AND(CT9>=5,CT9<=6),3,IF((CT9=7),2,IF(CT9>=8,1,"")))))) -> 5 | CV9: =BR9+BT9+BV9+BX9+BZ9+CB9 -> 27 | CW9: =W9+Y9+AA9+AC9+AE9+AG9+AI9+AK9+AM9 -> 37 | CX9: =CO9+CQ9+CS9 -> 11 | CY9: =IF((CV9>=24),"高",IF(AND(CV9>=19,CV9<=23,(CW9+CX9)>=46),"高",IF(AND(CV9>=19,CV9<=23,(CW9+CX9)>=12,(CW9+CX9)<=45),"中①",IF(AND(CV9>=6,CV9<=18,(CW9+CX9)>=46),"中②","低")))) -> 高 | CZ9: ='2回目フォームの回答 '!BH9 -> 0.6 | DA9: =1-CZ9 -> 0.4 | DB9: =IF(('2回目フォームの回答 '!BI9="いつもより寝つきは良い"),0,(IF(('2回目フォームの回答 '!BI9="いつもより少し時間がかかった"),1,(IF(('2回目フォームの回答 '!BI9="いつもよりかなり時間がかかった"),2,(IF(('2回目フォームの回答 '!BI9="いつもより非常に時間がかかった、あるいは全く眠れなかった"),3,""))))))) -> 0 | DC9: =IF(('2回目フォームの回答 '!BJ9="問題になるほどのことはなかった"),0,(IF(('2回目フォームの回答 '!BJ9="少し困ることがある"),1,(IF(('2回目フォームの回答 '!BJ9="かなり困っている"),2,(IF(('2回目フォームの回答 '!BJ9="深刻な状態、あるいは全く眠れなかった"),3,""))))))) -> 0 | DD9: =IF(('2回目フォームの回答 '!BK9="そのようなことはなかった"),0,(IF(('2回目フォームの回答 '!BK9="少し早かった"),1,(IF(('2回目フォームの回答 '!BK9="かなり早かった"),2,(IF(('2回目フォームの回答 '!BK9="非常に早かった、あるいは全く眠れなかった"),3,""))))))) -> 0 | DE9: =IF(('2回目フォームの回答 '!BL9="十分である"),0,(IF(('2回目フォームの回答 '!BL9="少し足りない"),1,(IF(('2回目フォームの回答 '!BL9="かなり足りない"),2,(IF(('2回目フォームの回答 '!BL9="全く足りない、あるいは全く眠れなかった"),3,""))))))) -> 3 | DF9: =IF(('2回目フォームの回答 '!BM9="満足している"),0,(IF(('2回目フォームの回答 '!BM9="少し不満である"),1,(IF(('2回目フォームの回答 '!BM9="かなり不満である"),2,(IF(('2回目フォームの回答 '!BM9="非常に不満である、あるいは全く眠れなかった"),3,""))))))) -> 3 | DG9: =IF(('2回目フォームの回答 '!BN9="いつもどおり"),0,(IF(('2回目フォームの回答 '!BN9="少し滅入った"),1,(IF(('2回目フォームの回答 '!BN9="かなり滅入った"),2,(IF(('2回目フォームの回答 '!BN9="非常に滅入った"),3,""))))))) -> 2 | DH9: =IF(('2回目フォームの回答 '!BO9="いつもどおり"),0,(IF(('2回目フォームの回答 '!BO9="少し低下した"),1,(IF(('2回目フォームの回答 '!BO9="かなり低下した"),2,(IF(('2回目フォームの回答 '!BO9="非常に低下した"),3,""))))))) -> 2 | DI9: =IF(('2回目フォームの回答 '!BP9="全くなかった"),0,(IF(('2回目フォームの回答 '!BP9="少しあった"),1,(IF(('2回目フォームの回答 '!BP9="かなりあった"),2,(IF(('2回目フォームの回答 '!BP9="激しかった"),3,""))))))) -> 2 | DJ9: =SUM(DB9:DI9) -> 12 | DK9: =IF((DJ9<=3),"低",(IF(AND(DJ9>=4,DJ9<=5),"中",(IF((DJ9>=6),"高",""))))) -> 高 | DL9: 13.7 | DM9: 8.7 | DN9: 15.6 | DO9: =DL9+DM9+DN9 -> 38 | DS9: 0.19097222 | DT9: 295 | DU9: =INDEX('1回目結果'!DR:DR,MATCH($DT9,'1回目結果'!$A:$A,0)) -> 0.612 | DV9: =INDEX('1回目結果'!DS:DS,MATCH($DT9,'1回目結果'!$A:$A,0)) -> 113.02 | DW9: =INDEX('1回目結果'!DT:DT,MATCH($DT9,'1回目結果'!$A:$A,0)) -> 0.54 | DX9: =INDEX('1回目結果'!DU:DU,MATCH($DT9,'1回目結果'!$A:$A,0)) -> 27 | DY9: =IFERROR(INDEX('1回目結果'!DL:DL,MATCH('2回目結果'!$DT9,'1回目結果'!$A:$A,0)),"") -> 10.5 | DZ9: =IFERROR(INDEX('1回目結果'!DM:DM,MATCH('2回目結果'!$DT9,'1回目結果'!$A:$A,0)),"") -> 16.9 | EA9: =IFERROR(INDEX('1回目結果'!DN:DN,MATCH('2回目結果'!$DT9,'1回目結果'!$A:$A,0)),"") -> 34.9 | EB9: =IFERROR(INDEX('1回目結果'!DO:DO,MATCH('2回目結果'!$DT9,'1回目結果'!$A:$A,0)),"") -> 62.3 | EC9: =IFERROR(INDEX('1回目結果'!DP:DP,MATCH('2回目結果'!$DT9,'1回目結果'!$A:$A,0)),"") -> 0 | ED9: =IFERROR(INDEX('1回目結果'!DQ:DQ,MATCH('2回目結果'!$DT9,'1回目結果'!$A:$A,0)),"") -> 0 | EE9: 1.004 | EF9: 147.22 | EG9: 0.68 | EH9: 34 | EI9: メンタルアラートなし（-） | EJ9: =EH9/DX9 -> 1.2592593 | EK9: =EG9/DW9 -> 1.2592593 | EL9: =DO9-EB9 -> -24.3 | EM9: =DN9-EA9 -> -19.3
A10: 329 | B10: male | C10: 35828 | D10: 26 | E10: =IF(('2回目フォームの回答 '!C10="そうだ"),1,(IF(('2回目フォームの回答 '!C10="まぁそうだ"),2,(IF(('2回目フォームの回答 '!C10="ややちがう"),3,(IF(('2回目フォームの回答 '!C10="ちがう"),4,""))))))) -> 3 | F10: =IF(('2回目フォームの回答 '!D10="そうだ"),1,(IF(('2回目フォームの回答 '!D10="まぁそうだ"),2,(IF(('2回目フォームの回答 '!D10="ややちがう"),3,(IF(('2回目フォームの回答 '!D10="ちがう"),4,""))))))) -> 3 | G10: =IF(('2回目フォームの回答 '!E10="そうだ"),1,(IF(('2回目フォームの回答 '!E10="まぁそうだ"),2,(IF(('2回目フォームの回答 '!E10="ややちがう"),3,(IF(('2回目フォームの回答 '!E10="ちがう"),4,""))))))) -> 2 | H10: =IF(('2回目フォームの回答 '!F10="そうだ"),1,(IF(('2回目フォームの回答 '!F10="まぁそうだ"),2,(IF(('2回目フォームの回答 '!F10="ややちがう"),3,(IF(('2回目フォームの回答 '!F10="ちがう"),4,""))))))) -> 1 | I10: =IF(('2回目フォームの回答 '!G10="そうだ"),1,(IF(('2回目フォームの回答 '!G10="まぁそうだ"),2,(IF(('2回目フォームの回答 '!G10="ややちがう"),3,(IF(('2回目フォームの回答 '!G10="ちがう"),4,""))))))) -> 2 | J10: =IF(('2回目フォームの回答 '!H10="そうだ"),1,(IF(('2回目フォームの回答 '!H10="まぁそうだ"),2,(IF(('2回目フォームの回答 '!H10="ややちがう"),3,(IF(('2回目フォームの回答 '!H10="ちがう"),4,""))))))) -> 2 | K10: =IF(('2回目フォームの回答 '!I10="そうだ"),1,(IF(('2回目フォームの回答 '!I10="まぁそうだ"),2,(IF(('2回目フォームの回答 '!I10="ややちがう"),3,(IF(('2回目フォームの回答 '!I10="ちがう"),4,""))))))) -> 4 | L10: =IF(('2回目フォームの回答 '!J10="そうだ"),1,(IF(('2回目フォームの回答 '!J10="まぁそうだ"),2,(IF(('2回目フォームの回答 '!J10="ややちがう"),3,(IF(('2回目フォームの回答 '!J10="ちがう"),4,""))))))) -> 2 | ... U10: =IF(('2回目フォームの回答 '!S10="そうだ"),1,(IF(('2回目フォームの回答 '!S10="まぁそうだ"),2,(IF(('2回目フォームの回答 '!S10="ややちがう"),3,(IF(('2回目フォームの回答 '!S10="ちがう"),4,""))))))) -> 2 | V10: =15-($E10+$F10+$G10) -> 7 | W10: =IF(AND(B10="male",V10<=5),1,(IF(AND(B10="male",V10>=6,V10<=7),2,(IF(AND(B10="male",V10>=8,V10<=9),3,(IF(AND(B10="male",V10>=10,V10<=11),4,IF(AND(B10="male",V10>=12),5,IF(AND(B10="female",V10<=4),1,(IF(AND(B10="female",V10>=5,V10<=6),2,(IF(AND(B10="female",V10>=7,V10<=9),3,(IF(AND(B10="female",V10>=10,V10<=11),4,IF(AND(B10="female",V10>=12),5,"")))))))))))))))) -> 2 | X10: =15-($H10+$I10+$J10) -> 10 | Y10: =IF(AND(B10="male",X10<=5),1,(IF(AND(B10="male",X10>=6,X10<=7),2,(IF(AND(B10="male",X10>=8,X10<=9),3,(IF(AND(B10="male",X10>=10,X10<=11),4,IF(AND(B10="male",X10>=12),5,IF(AND(B10="female",X10<=4),1,(IF(AND(B10="female",X10>=5,X10<=6),2,(IF(AND(B10="female",X10>=7,X10<=8),3,(IF(AND(B10="female",X10>=9,X10<=10),4,IF(AND(B10="female",X10>=11),5,"")))))))))))))))) -> 4 | Z10: =5-$K10 -> 1 | AA10: =IF(Z10=1,2,IF(Z10=2,3,(IF(Z10=3,4,(IF(Z10=4,5,"")))))) -> 2 | AB10: =10-($P10+Q10)+$R10 -> 5 | AC10: =IF((AB10=3),1,(IF(AND(AB10>=4,AB10<=5),2,(IF(AND(AB10>=6,AB10<=7),3,(IF(AND(AB10>=8,AB10<=9),4,IF(AB10>=10,5,"")))))))) -> 2 | AD10: =5-$S10 -> 1 | AE10: =IF(AND(B10="male",AD10=1),2,IF(AND(B10="male",AD10=2),3,(IF(AND(B10="male",AD10=3),4,(IF(AND(B10="male",AD10=4),5,IF(AND(B10="female",AD10=1),1,IF(AND(B10="female",AD10=2),3,(IF(AND(B10="female",AD10=3),4,(IF(AND(B10="female",AD10=4),5,"")))))))))))) -> 2 | AF10: =15-($L10+$M10+$N10) -> 9 | AG10: =IF(AND(B10="male",AF10<=4),5,(IF(AND(B10="male",AF10>=5,AF10<=6),4,(IF(AND(B10="male",AF10>=7,AF10<=8),3,(IF(AND(B10="male",AF10>=9,AF10<=10),2,IF(AND(B10="male",AF10>=11),1,IF(AND(B10="female",AF10<=3),5,(IF(AND(B10="female",AF10>=4,AF10<=5),4,(IF(AND(B10="female",AF10>=6,AF10<=8),3,(IF(AND(B10="female",AF10>=9,AF10<=10),2,IF(AND(B10="female",AF10>=11),1,"")))))))))))))))) -> 2 | AH10: =$O10 -> 3 | AI10: =IF(AH10=1,5,IF(AH10=2,4,(IF(AH10=3,3,(IF(AH10=4,2,"")))))) -> 3 | AJ10: =5-$T10 -> 3 | AK10: =IF(AJ10=1,5,IF(AJ10=2,4,(IF(AJ10=3,3,(IF(AJ10=4,1,"")))))) -> 3 | AL10: =5-$U10 -> 3 | AM10: =IF(AL10=1,5,IF(AL10=2,4,(IF(AL10=3,3,(IF(AL10=4,1,"")))))) -> 3 | AN10: =IF(('2回目フォームの回答 '!T10="ほとんどなかった"),1,(IF(('2回目フォームの回答 '!T10="ときどきあった"),2,(IF(('2回目フォームの回答 '!T10="しばしばあった"),3,(IF(('2回目フォームの回答 '!T10="ほとんどいつもあった"),4,""))))))) -> 2 | AO10: =IF(('2回目フォームの回答 '!U10="ほとんどなかった"),1,(IF(('2回目フォームの回答 '!U10="ときどきあった"),2,(IF(('2回目フォームの回答 '!U10="しばしばあった"),3,(IF(('2回目フォームの回答 '!U10="ほとんどいつもあった"),4,""))))))) -> 2 | AP10: =IF(('2回目フォームの回答 '!V10="ほとんどなかった"),1,(IF(('2回目フォームの回答 '!V10="ときどきあった"),2,(IF(('2回目フォームの回答 '!V10="しばしばあった"),3,(IF(('2回目フォームの回答 '!V10="ほとんどいつもあった"),4,""))))))) -> 2 | AQ10: =IF(('2回目フォームの回答 '!W10="ほとんどなかった"),1,(IF(('2回目フォームの回答 '!W10="ときどきあった"),2,(IF(('2回目フォームの回答 '!W10="しばしばあった"),3,(IF(('2回目フォームの回答 '!W10="ほとんどいつもあった"),4,""))))))) -> 1 | AR10: =IF(('2回目フォームの回答 '!X10="ほとんどなかった"),1,(IF(('2回目フォームの回答 '!X10="ときどきあった"),2,(IF(('2回目フォームの回答 '!X10="しばしばあった"),3,(IF(('2回目フォームの回答 '!X10="ほとんどいつもあった"),4,""))))))) -> 2 | AS10: =IF(('2回目フォームの回答 '!Y10="ほとんどなかった"),1,(IF(('2回目フォームの回答 '!Y10="ときどきあった"),2,(IF(('2回目フォームの回答 '!Y10="しばしばあった"),3,(IF(('2回目フォームの回答 '!Y10="ほとんどいつもあった"),4,""))))))) -> 1 | AT10: =IF(('2回目フォームの回答 '!Z10="ほとんどなかった"),1,(IF(('2回目フォームの回答 '!Z10="ときどきあった"),2,(IF(('2回目フォームの回答 '!Z10="しばしばあった"),3,(IF(('2回目フォームの回答 '!Z10="ほとんどいつもあった"),4,""))))))) -> 3 | AU10: =IF(('2回目フォームの回答 '!AA10="ほとんどなかった"),1,(IF(('2回目フォームの回答 '!AA10="ときどきあった"),2,(IF(('2回目フォームの回答 '!AA10="しばしばあった"),3,(IF(('2回目フォームの回答 '!AA10="ほとんどいつもあった"),4,""))))))) -> 3 | AV10: =IF(('2回目フォームの回答 '!AB10="ほとんどなかった"),1,(IF(('2回目フォームの回答 '!AB10="ときどきばあった"),2,(IF(('2回目フォームの回答 '!AB10="しばしばあった"),3,(IF(('2回目フォームの回答 '!AB10="ほとんどいつもあった"),4,""))))))) -> 3 | AW10: =IF(('2回目フォームの回答 '!AC10="ほとんどなかった"),1,(IF(('2回目フォームの回答 '!AC10="ときどきあった"),2,(IF(('2回目フォームの回答 '!AC10="しばしばあった"),3,(IF(('2回目フォームの回答 '!AC10="ほとんどいつもあった"),4,""))))))) -> 1 | AX10: =IF(('2回目フォームの回答 '!AD10="ほとんどなかった"),1,(IF(('2回目フォームの回答 '!AD10="ときどきあった"),2,(IF(('2回目フォームの回答 '!AD10="しばしばあった"),3,(IF(('2回目フォームの回答 '!AD10="ほとんどいつもあった"),4,""))))))) -> 2 | AY10: =IF(('2回目フォームの回答 '!AE10="ほとんどなかった"),1,(IF(('2回目フォームの回答 '!AE10="ときどきあった"),2,(IF(('2回目フォームの回答 '!AE10="しばしばあった"),3,(IF(('2回目フォームの回答 '!AE10="ほとんどいつもあった"),4,""))))))) -> 2 | AZ10: =IF(('2回目フォームの回答 '!AF10="ほとんどなかった"),1,(IF(('2回目フォームの回答 '!AF10="ときどきあった"),2,(IF(('2回目フォームの回答 '!AF10="しばしばあった"),3,(IF(('2回目フォームの回答 '!AF10="ほとんどいつもあった"),4,""))))))) -> 2 | BA10: =IF(('2回目フォームの回答 '!AG10="ほとんどなかった"),1,(IF(('2回目フォームの回答 '!AG10="ときどきあった"),2,(IF(('2回目フォームの回答 '!AG10="しばしばあった"),3,(IF(('2回目フォームの回答 '!AG10="ほとんどいつもあった"),4,""))))))) -> 2 | BB10: =IF(('2回目フォームの回答 '!AH10="ほとんどなかった"),1,(IF(('2回目フォームの回答 '!AH10="ときどきあった"),2,(IF(('2回目フォームの回答 '!AH10="しばしばあった"),3,(IF(('2回目フォームの回答 '!AH10="ほとんどいつもあった"),4,""))))))) -> 2 | BC10: =IF(('2回目フォームの回答 '!AI10="ほとんどなかった"),1,(IF(('2回目フォームの回答 '!AI10="ときどきあった"),2,(IF(('2回目フォームの回答 '!AI10="しばしばあった"),3,(IF(('2回目フォームの回答 '!AI10="ほとんどいつもあった"),4,""))))))) -> 2 | BD10: =IF(('2回目フォームの回答 '!AJ10="ほとんどなかった"),1,(IF(('2回目フォームの回答 '!AJ10="ときどきあった"),2,(IF(('2回目フォームの回答 '!AJ10="しばしばあった"),3,(IF(('2回目フォームの回答 '!AJ10="ほとんどいつもあった"),4,""))))))) -> 2 | ... BP10: =IF(('2回目フォームの回答 '!AV10="ほとんどなかった"),1,(IF(('2回目フォームの回答 '!AV10="ときどきあった"),2,(IF(('2回目フォームの回答 '!AV10="しばしばあった"),3,(IF(('2回目フォームの回答 '!AV10="ほとんどいつもあった"),4,""))))))) -> 2 | BQ10: =$AN10+$AO10+$AP10 -> 6 | BR10: =IF((BQ10=3),5,(IF(AND(BQ10>=4,BQ10<=5),4,(IF(AND(BQ10>=6,BQ10<=7),3,(IF(AND(BQ10>=8,BQ10<=9),2,IF(BQ10>=10,1,"")))))))) -> 3 | BS10: =$AQ10+$AR10+$AS10 -> 4 | BT10: =IF(AND(B10="male",BS10=3),1,(IF(AND(B10="male",BS10>=4,BS10<=5),2,(IF(AND(B10="male",BS10>=6,BS10<=7),3,(IF(AND(B10="male",BS10>=8,BS10<=9),4,IF(AND(B10="male",BS10>=10),5,IF(AND(B10="female",BS10=3),1,(IF(AND(B10="female",BS10>=4,BS10<=5),2,(IF(AND(B10="female",BS10>=6,BS10<=8),3,(IF(AND(B10="female",BS10>=9,BS10<=10),4,IF(AND(B10="female",BS10>=11),5,"")))))))))))))))) -> 2 | BU10: =$AT10+$AU10+$AV10 -> 9 | BV10: =IF(AND(B10="male",BU10=3),1,(IF(AND(B10="male",BU10=4),2,(IF(AND(B10="male",BU10>=5,BU10<=7),3,(IF(AND(B10="male",BU10>=8,BU10<=10),4,IF(AND(B10="male",BU10>=11),5,IF(AND(B10="female",BU10=3),1,(IF(AND(B10="female",BU10>=4,BU10<=5),2,(IF(AND(B10="female",BU10>=6,BU10<=8),3,(IF(AND(B10="female",BU10>=9,BU10<=11),4,IF(AND(B10="female",BU10>=12),5,"")))))))))))))))) -> 4 | BW10: =$AW10+$AX10+$AY10 -> 5 | BX10: =IF(AND(B10="male",BW10=3),1,(IF(AND(B10="male",BW10=4),2,(IF(AND(B10="male",BW10>=5,BW10<=7),3,(IF(AND(B10="male",BW10>=8,BW10<=9),4,(IF(AND(B10="male",BW10>=10),5,(IF(AND(B10="female",BW10=3),1,(IF(AND(B10="female",BW10=4),2,(IF(AND(B10="female",BW10>=5,BW10<=7),3,(IF(AND(B10="female",BW10>=8,BW10<=10),4,IF(AND(B10="female",BW10>=11),5,"")))))))))))))))))) -> 3 | BY10: =SUM($AZ10:$BE10) -> 11 | BZ10: =IF(AND(B10="male",BY10=6),1,(IF(AND(B10="male",BY10>=7,BY10<=8),2,(IF(AND(B10="male",BY10>=9,BY10<=12),3,(IF(AND(B10="male",BY10>=13,BY10<=16),4,IF(AND(B10="male",BY10>=17),5,IF(AND(B10="female",BY10=6),1,(IF(AND(B10="female",BY10>=7,BY10<=8),2,(IF(AND(B10="female",BY10>=9,BY10<=12),3,(IF(AND(B10="female",BY10>=13,BY10<=17),4,IF(AND(B10="female",BY10>=18),5,"")))))))))))))))) -> 3 | CA10: =SUM($BF10:$BP10) -> 16 | CB10: =IF(AND(B10="male",CA10=11),1,(IF(AND(B10="male",CA10>=12,CA10<=15),2,(IF(AND(B10="male",CA10>=16,CA10<=21),3,(IF(AND(B10="male",CA10>=22,CA10<=26),4,IF(AND(B10="male",CA10>=27),5,IF(AND(B10="female",CA10<=13),1,(IF(AND(B10="female",CA10>=14,CA10<=17),2,(IF(AND(B10="female",CA10>=18,CA10<=23),3,(IF(AND(B10="female",CA10>=24,CA10<=29),4,IF(AND(B10="female",CA10>=30),5,"")))))))))))))))) -> 3 | CC10: =IF(('2回目フォームの回答 '!AW10="非常に"),1,(IF(('2回目フォームの回答 '!AW10="かなり"),2,(IF(('2回目フォームの回答 '!AW10="多少"),3,(IF(('2回目フォームの回答 '!AW10="全くない"),4,""))))))) -> 3 | CD10: =IF(('2回目フォームの回答 '!AX10="非常に"),1,(IF(('2回目フォームの回答 '!AX10="かなり"),2,(IF(('2回目フォームの回答 '!AX10="多少"),3,(IF(('2回目フォームの回答 '!AX10="全くない"),4,""))))))) -> 2 | CE10: =IF(('2回目フォームの回答 '!AY10="非常に"),1,(IF(('2回目フォームの回答 '!AY10="かなり"),2,(IF(('2回目フォームの回答 '!AY10="多少"),3,(IF(('2回目フォームの回答 '!AY10="全くない"),4,""))))))) -> 4 | CF10: =IF(('2回目フォームの回答 '!AZ10="非常に"),1,(IF(('2回目フォームの回答 '!AZ10="かなり"),2,(IF(('2回目フォームの回答 '!AZ10="多少"),3,(IF(('2回目フォームの回答 '!AZ10="全くない"),4,""))))))) -> 2 | CG10: =IF(('2回目フォームの回答 '!BA10="非常に"),1,(IF(('2回目フォームの回答 '!BA10="かなり"),2,(IF(('2回目フォームの回答 '!BA10="多少"),3,(IF(('2回目フォームの回答 '!BA10="全くない"),4,""))))))) -> 2 | CH10: =IF(('2回目フォームの回答 '!BB10="非常に"),1,(IF(('2回目フォームの回答 '!BB10="かなり"),2,(IF(('2回目フォームの回答 '!BB10="多少"),3,(IF(('2回目フォームの回答 '!BB10="全くない"),4,""))))))) -> 3 | CI10: =IF(('2回目フォームの回答 '!BC10="非常に"),1,(IF(('2回目フォームの回答 '!BC10="かなり"),2,(IF(('2回目フォームの回答 '!BC10="多少"),3,(IF(('2回目フォームの回答 '!BC10="全くない"),4,""))))))) -> 3 | CJ10: =IF(('2回目フォームの回答 '!BD10="非常に"),1,(IF(('2回目フォームの回答 '!BD10="かなり"),2,(IF(('2回目フォームの回答 '!BD10="多少"),3,(IF(('2回目フォームの回答 '!BD10="全くない"),4,""))))))) -> 2 | CK10: =IF(('2回目フォームの回答 '!BE10="非常に"),1,(IF(('2回目フォームの回答 '!BE10="かなり"),2,(IF(('2回目フォームの回答 '!BE10="多少"),3,(IF(('2回目フォームの回答 '!BE10="全くない"),4,""))))))) -> 3 | CL10: =IF(('2回目フォームの回答 '!BF10="満足"),1,(IF(('2回目フォームの回答 '!BF10="まぁ満足"),2,(IF(('2回目フォームの回答 '!BF10="やや満足"),3,(IF(('2回目フォームの回答 '!BF10="不満足"),4,""))))))) -> 2 | CM10: =IF(('2回目フォームの回答 '!BG10="満足"),1,(IF(('2回目フォームの回答 '!BG10="まぁ満足"),2,(IF(('2回目フォームの回答 '!BG10="やや満足"),3,(IF(('2回目フォームの回答 '!BG10="不満足"),4,""))))))) -> 2 | CN10: =15-($CC10+$CF10+$CI10) -> 7 | CO10: =IF(AND(B10="male",CN10<=4),5,(IF(AND(B10="male",CN10>=5,CN10<=6),4,(IF(AND(B10="male",CN10>=7,CN10<=8),3,(IF(AND(B10="male",CN10>=9,CN10<=10),2,IF(AND(B10="male",CN10>=11),1,IF(AND(B10="female",CN10<=3),5,(IF(AND(B10="female",CN10>=4,CN10<=5),4,(IF(AND(B10="female",CN10>=6,CN10<=7),3,(IF(AND(B10="female",CN10>=8,CN10<=10),2,IF(AND(B10="female",CN10>=11),1,"")))))))))))))))) -> 3 | CP10: =15-($CD10+$CG10+$CJ10) -> 9 | CQ10: =IF((CP10<=5),5,(IF(AND(CP10>=6,CP10<=7),4,(IF(AND(CP10>=8,CP10<=9),3,(IF(AND(CP10>=10,AF10<=11),2,IF(AF10>=12,1,"")))))))) -> 3 | CR10: =15-($CE10+$CH10+$CK10) -> 5 | CS10: =IF((CR10<=6),5,(IF(AND(CR10>=7,CR10<=8),4,IF((CR10=9),3,IF(AND(CR10>=10,CR10<=11),2,IF(CR10>=12,1,"")))))) -> 5 | CT10: =10-($CL10+$CM10) -> 6 | CU10: =IF((CT10<=3),5,(IF((CT10=4),4,IF(AND(CT10>=5,CT10<=6),3,IF((CT10=7),2,IF(CT10>=8,1,"")))))) -> 3 | CV10: =BR10+BT10+BV10+BX10+BZ10+CB10 -> 18 | CW10: =W10+Y10+AA10+AC10+AE10+AG10+AI10+AK10+AM10 -> 23 | CX10: =CO10+CQ10+CS10 -> 11 | CY10: =IF((CV10>=24),"高",IF(AND(CV10>=19,CV10<=23,(CW10+CX10)>=46),"高",IF(AND(CV10>=19,CV10<=23,(CW10+CX10)>=12,(CW10+CX10)<=45),"中①",IF(AND(CV10>=6,CV10<=18,(CW10+CX10)>=46),"中②","低")))) -> 低 | CZ10: ='2回目フォームの回答 '!BH10 -> 0.75 | DA10: =1-CZ10 -> 0.25 | DB10: =IF(('2回目フォームの回答 '!BI10="いつもより寝つきは良い"),0,(IF(('2回目フォームの回答 '!BI10="いつもより少し時間がかかった"),1,(IF(('2回目フォームの回答 '!BI10="いつもよりかなり時間がかかった"),2,(IF(('2回目フォームの回答 '!BI10="いつもより非常に時間がかかった、あるいは全く眠れなかった"),3,""))))))) -> 1 | DC10: =IF(('2回目フォームの回答 '!BJ10="問題になるほどのことはなかった"),0,(IF(('2回目フォームの回答 '!BJ10="少し困ることがある"),1,(IF(('2回目フォームの回答 '!BJ10="かなり困っている"),2,(IF(('2回目フォームの回答 '!BJ10="深刻な状態、あるいは全く眠れなかった"),3,""))))))) -> 0 | DD10: =IF(('2回目フォームの回答 '!BK10="そのようなことはなかった"),0,(IF(('2回目フォームの回答 '!BK10="少し早かった"),1,(IF(('2回目フォームの回答 '!BK10="かなり早かった"),2,(IF(('2回目フォームの回答 '!BK10="非常に早かった、あるいは全く眠れなかった"),3,""))))))) -> 0 | DE10: =IF(('2回目フォームの回答 '!BL10="十分である"),0,(IF(('2回目フォームの回答 '!BL10="少し足りない"),1,(IF(('2回目フォームの回答 '!BL10="かなり足りない"),2,(IF(('2回目フォームの回答 '!BL10="全く足りない、あるいは全く眠れなかった"),3,""))))))) -> 1 | DF10: =IF(('2回目フォームの回答 '!BM10="満足している"),0,(IF(('2回目フォームの回答 '!BM10="少し不満である"),1,(IF(('2回目フォームの回答 '!BM10="かなり不満である"),2,(IF(('2回目フォームの回答 '!BM10="非常に不満である、あるいは全く眠れなかった"),3,""))))))) -> 1 | DG10: =IF(('2回目フォームの回答 '!BN10="いつもどおり"),0,(IF(('2回目フォームの回答 '!BN10="少し滅入った"),1,(IF(('2回目フォームの回答 '!BN10="かなり滅入った"),2,(IF(('2回目フォームの回答 '!BN10="非常に滅入った"),3,""))))))) -> 1 | DH10: =IF(('2回目フォームの回答 '!BO10="いつもどおり"),0,(IF(('2回目フォームの回答 '!BO10="少し低下した"),1,(IF(('2回目フォームの回答 '!BO10="かなり低下した"),2,(IF(('2回目フォームの回答 '!BO10="非常に低下した"),3,""))))))) -> 0 | DI10: =IF(('2回目フォームの回答 '!BP10="全くなかった"),0,(IF(('2回目フォームの回答 '!BP10="少しあった"),1,(IF(('2回目フォームの回答 '!BP10="かなりあった"),2,(IF(('2回目フォームの回答 '!BP10="激しかった"),3,""))))))) -> 1 | DJ10: =SUM(DB10:DI10) -> 5 | DK10: =IF((DJ10<=3),"低",(IF(AND(DJ10>=4,DJ10<=5),"中",(IF((DJ10>=6),"高",""))))) -> 中 | DL10: 0.1 | DM10: 0 | DN10: 0.1 | DO10: =DL10+DM10+DN10 -> 0.2 | DQ10: 〇 | DS10: 0.27083333 | DT10: 297 | DU10: =INDEX('1回目結果'!DR:DR,MATCH($DT10,'1回目結果'!$A:$A,0)) -> 0.44 | DV10: =INDEX('1回目結果'!DS:DS,MATCH($DT10,'1回目結果'!$A:$A,0)) -> 68.78 | DW10: =INDEX('1回目結果'!DT:DT,MATCH($DT10,'1回目結果'!$A:$A,0)) -> 0.64 | DX10: =INDEX('1回目結果'!DU:DU,MATCH($DT10,'1回目結果'!$A:$A,0)) -> 32 | DY10: =IFERROR(INDEX('1回目結果'!DL:DL,MATCH('2回目結果'!$DT10,'1回目結果'!$A:$A,0)),"") -> 0 | DZ10: =IFERROR(INDEX('1回目結果'!DM:DM,MATCH('2回目結果'!$DT10,'1回目結果'!$A:$A,0)),"") -> 0.1 | EA10: =IFERROR(INDEX('1回目結果'!DN:DN,MATCH('2回目結果'!$DT10,'1回目結果'!$A:$A,0)),"") -> 0.2 | EB10: =IFERROR(INDEX('1回目結果'!DO:DO,MATCH('2回目結果'!$DT10,'1回目結果'!$A:$A,0)),"") -> 0.3 | EC10: =IFERROR(INDEX('1回目結果'!DP:DP,MATCH('2回目結果'!$DT10,'1回目結果'!$A:$A,0)),"") -> 0 | ED10: =IFERROR(INDEX('1回目結果'!DQ:DQ,MATCH('2回目結果'!$DT10,'1回目結果'!$A:$A,0)),"") -> 0 | EE10: 3.416 | EF10: 196.85 | EG10: 1.74 | EH10: 78 | EI10: メンタルアラートあり（+） | EJ10: =EH10/DX10 -> 2.4375 | EK10: =EG10/DW10 -> 2.71875 | EL10: =DO10-EB10 -> -0.1 | EM10: =DN10-EA10 -> -0.1
A11: 330 | B11: male | C11: 35236 | D11: 28 | E11: =IF(('2回目フォームの回答 '!C11="そうだ"),1,(IF(('2回目フォームの回答 '!C11="まぁそうだ"),2,(IF(('2回目フォームの回答 '!C11="ややちがう"),3,(IF(('2回目フォームの回答 '!C11="ちがう"),4,""))))))) -> 4 | F11: =IF(('2回目フォームの回答 '!D11="そうだ"),1,(IF(('2回目フォームの回答 '!D11="まぁそうだ"),2,(IF(('2回目フォームの回答 '!D11="ややちがう"),3,(IF(('2回目フォームの回答 '!D11="ちがう"),4,""))))))) -> 4 | G11: =IF(('2回目フォームの回答 '!E11="そうだ"),1,(IF(('2回目フォームの回答 '!E11="まぁそうだ"),2,(IF(('2回目フォームの回答 '!E11="ややちがう"),3,(IF(('2回目フォームの回答 '!E11="ちがう"),4,""))))))) -> 3 | H11: =IF(('2回目フォームの回答 '!F11="そうだ"),1,(IF(('2回目フォームの回答 '!F11="まぁそうだ"),2,(IF(('2回目フォームの回答 '!F11="ややちがう"),3,(IF(('2回目フォームの回答 '!F11="ちがう"),4,""))))))) -> 2 | I11: =IF(('2回目フォームの回答 '!G11="そうだ"),1,(IF(('2回目フォームの回答 '!G11="まぁそうだ"),2,(IF(('2回目フォームの回答 '!G11="ややちがう"),3,(IF(('2回目フォームの回答 '!G11="ちがう"),4,""))))))) -> 3 | J11: =IF(('2回目フォームの回答 '!H11="そうだ"),1,(IF(('2回目フォームの回答 '!H11="まぁそうだ"),2,(IF(('2回目フォームの回答 '!H11="ややちがう"),3,(IF(('2回目フォームの回答 '!H11="ちがう"),4,""))))))) -> 3 | K11: =IF(('2回目フォームの回答 '!I11="そうだ"),1,(IF(('2回目フォームの回答 '!I11="まぁそうだ"),2,(IF(('2回目フォームの回答 '!I11="ややちがう"),3,(IF(('2回目フォームの回答 '!I11="ちがう"),4,""))))))) -> 4 | L11: =IF(('2回目フォームの回答 '!J11="そうだ"),1,(IF(('2回目フォームの回答 '!J11="まぁそうだ"),2,(IF(('2回目フォームの回答 '!J11="ややちがう"),3,(IF(('2回目フォームの回答 '!J11="ちがう"),4,""))))))) -> 1 | ... U11: =IF(('2回目フォームの回答 '!S11="そうだ"),1,(IF(('2回目フォームの回答 '!S11="まぁそうだ"),2,(IF(('2回目フォームの回答 '!S11="ややちがう"),3,(IF(('2回目フォームの回答 '!S11="ちがう"),4,""))))))) -> 2 | V11: =15-($E11+$F11+$G11) -> 4 | W11: =IF(AND(B11="male",V11<=5),1,(IF(AND(B11="male",V11>=6,V11<=7),2,(IF(AND(B11="male",V11>=8,V11<=9),3,(IF(AND(B11="male",V11>=10,V11<=11),4,IF(AND(B11="male",V11>=12),5,IF(AND(B11="female",V11<=4),1,(IF(AND(B11="female",V11>=5,V11<=6),2,(IF(AND(B11="female",V11>=7,V11<=9),3,(IF(AND(B11="female",V11>=10,V11<=11),4,IF(AND(B11="female",V11>=12),5,"")))))))))))))))) -> 1 | X11: =15-($H11+$I11+$J11) -> 7 | Y11: =IF(AND(B11="male",X11<=5),1,(IF(AND(B11="male",X11>=6,X11<=7),2,(IF(AND(B11="male",X11>=8,X11<=9),3,(IF(AND(B11="male",X11>=10,X11<=11),4,IF(AND(B11="male",X11>=12),5,IF(AND(B11="female",X11<=4),1,(IF(AND(B11="female",X11>=5,X11<=6),2,(IF(AND(B11="female",X11>=7,X11<=8),3,(IF(AND(B11="female",X11>=9,X11<=10),4,IF(AND(B11="female",X11>=11),5,"")))))))))))))))) -> 2 | Z11: =5-$K11 -> 1 | AA11: =IF(Z11=1,2,IF(Z11=2,3,(IF(Z11=3,4,(IF(Z11=4,5,"")))))) -> 2 | AB11: =10-($P11+Q11)+$R11 -> 5 | AC11: =IF((AB11=3),1,(IF(AND(AB11>=4,AB11<=5),2,(IF(AND(AB11>=6,AB11<=7),3,(IF(AND(AB11>=8,AB11<=9),4,IF(AB11>=10,5,"")))))))) -> 2 | AD11: =5-$S11 -> 1 | AE11: =IF(AND(B11="male",AD11=1),2,IF(AND(B11="male",AD11=2),3,(IF(AND(B11="male",AD11=3),4,(IF(AND(B11="male",AD11=4),5,IF(AND(B11="female",AD11=1),1,IF(AND(B11="female",AD11=2),3,(IF(AND(B11="female",AD11=3),4,(IF(AND(B11="female",AD11=4),5,"")))))))))))) -> 2 | AF11: =15-($L11+$M11+$N11) -> 11 | AG11: =IF(AND(B11="male",AF11<=4),5,(IF(AND(B11="male",AF11>=5,AF11<=6),4,(IF(AND(B11="male",AF11>=7,AF11<=8),3,(IF(AND(B11="male",AF11>=9,AF11<=10),2,IF(AND(B11="male",AF11>=11),1,IF(AND(B11="female",AF11<=3),5,(IF(AND(B11="female",AF11>=4,AF11<=5),4,(IF(AND(B11="female",AF11>=6,AF11<=8),3,(IF(AND(B11="female",AF11>=9,AF11<=10),2,IF(AND(B11="female",AF11>=11),1,"")))))))))))))))) -> 1 | AH11: =$O11 -> 3 | AI11: =IF(AH11=1,5,IF(AH11=2,4,(IF(AH11=3,3,(IF(AH11=4,2,"")))))) -> 3 | AJ11: =5-$T11 -> 4 | AK11: =IF(AJ11=1,5,IF(AJ11=2,4,(IF(AJ11=3,3,(IF(AJ11=4,1,"")))))) -> 1 | AL11: =5-$U11 -> 3 | AM11: =IF(AL11=1,5,IF(AL11=2,4,(IF(AL11=3,3,(IF(AL11=4,1,"")))))) -> 3 | AN11: =IF(('2回目フォームの回答 '!T11="ほとんどなかった"),1,(IF(('2回目フォームの回答 '!T11="ときどきあった"),2,(IF(('2回目フォームの回答 '!T11="しばしばあった"),3,(IF(('2回目フォームの回答 '!T11="ほとんどいつもあった"),4,""))))))) -> 2 | AO11: =IF(('2回目フォームの回答 '!U11="ほとんどなかった"),1,(IF(('2回目フォームの回答 '!U11="ときどきあった"),2,(IF(('2回目フォームの回答 '!U11="しばしばあった"),3,(IF(('2回目フォームの回答 '!U11="ほとんどいつもあった"),4,""))))))) -> 3 | AP11: =IF(('2回目フォームの回答 '!V11="ほとんどなかった"),1,(IF(('2回目フォームの回答 '!V11="ときどきあった"),2,(IF(('2回目フォームの回答 '!V11="しばしばあった"),3,(IF(('2回目フォームの回答 '!V11="ほとんどいつもあった"),4,""))))))) -> 3 | AQ11: =IF(('2回目フォームの回答 '!W11="ほとんどなかった"),1,(IF(('2回目フォームの回答 '!W11="ときどきあった"),2,(IF(('2回目フォームの回答 '!W11="しばしばあった"),3,(IF(('2回目フォームの回答 '!W11="ほとんどいつもあった"),4,""))))))) -> 2 | AR11: =IF(('2回目フォームの回答 '!X11="ほとんどなかった"),1,(IF(('2回目フォームの回答 '!X11="ときどきあった"),2,(IF(('2回目フォームの回答 '!X11="しばしばあった"),3,(IF(('2回目フォームの回答 '!X11="ほとんどいつもあった"),4,""))))))) -> 2 | AS11: =IF(('2回目フォームの回答 '!Y11="ほとんどなかった"),1,(IF(('2回目フォームの回答 '!Y11="ときどきあった"),2,(IF(('2回目フォームの回答 '!Y11="しばしばあった"),3,(IF(('2回目フォームの回答 '!Y11="ほとんどいつもあった"),4,""))))))) -> 2 | AT11: =IF(('2回目フォームの回答 '!Z11="ほとんどなかった"),1,(IF(('2回目フォームの回答 '!Z11="ときどきあった"),2,(IF(('2回目フォームの回答 '!Z11="しばしばあった"),3,(IF(('2回目フォームの回答 '!Z11="ほとんどいつもあった"),4,""))))))) -> 3 | AU11: =IF(('2回目フォームの回答 '!AA11="ほとんどなかった"),1,(IF(('2回目フォームの回答 '!AA11="ときどきあった"),2,(IF(('2回目フォームの回答 '!AA11="しばしばあった"),3,(IF(('2回目フォームの回答 '!AA11="ほとんどいつもあった"),4,""))))))) -> 3 | AV11: =IF(('2回目フォームの回答 '!AB11="ほとんどなかった"),1,(IF(('2回目フォームの回答 '!AB11="ときどきばあった"),2,(IF(('2回目フォームの回答 '!AB11="しばしばあった"),3,(IF(('2回目フォームの回答 '!AB11="ほとんどいつもあった"),4,""))))))) -> 3 | AW11: =IF(('2回目フォームの回答 '!AC11="ほとんどなかった"),1,(IF(('2回目フォームの回答 '!AC11="ときどきあった"),2,(IF(('2回目フォームの回答 '!AC11="しばしばあった"),3,(IF(('2回目フォームの回答 '!AC11="ほとんどいつもあった"),4,""))))))) -> 1 | AX11: =IF(('2回目フォームの回答 '!AD11="ほとんどなかった"),1,(IF(('2回目フォームの回答 '!AD11="ときどきあった"),2,(IF(('2回目フォームの回答 '!AD11="しばしばあった"),3,(IF(('2回目フォームの回答 '!AD11="ほとんどいつもあった"),4,""))))))) -> 2 | AY11: =IF(('2回目フォームの回答 '!AE11="ほとんどなかった"),1,(IF(('2回目フォームの回答 '!AE11="ときどきあった"),2,(IF(('2回目フォームの回答 '!AE11="しばしばあった"),3,(IF(('2回目フォームの回答 '!AE11="ほとんどいつもあった"),4,""))))))) -> 1 | AZ11: =IF(('2回目フォームの回答 '!AF11="ほとんどなかった"),1,(IF(('2回目フォームの回答 '!AF11="ときどきあった"),2,(IF(('2回目フォームの回答 '!AF11="しばしばあった"),3,(IF(('2回目フォームの回答 '!AF11="ほとんどいつもあった"),4,""))))))) -> 2 | BA11: =IF(('2回目フォームの回答 '!AG11="ほとんどなかった"),1,(IF(('2回目フォームの回答 '!AG11="ときどきあった"),2,(IF(('2回目フォームの回答 '!AG11="しばしばあった"),3,(IF(('2回目フォームの回答 '!AG11="ほとんどいつもあった"),4,""))))))) -> 2 | BB11: =IF(('2回目フォームの回答 '!AH11="ほとんどなかった"),1,(IF(('2回目フォームの回答 '!AH11="ときどきあった"),2,(IF(('2回目フォームの回答 '!AH11="しばしばあった"),3,(IF(('2回目フォームの回答 '!AH11="ほとんどいつもあった"),4,""))))))) -> 3 | BC11: =IF(('2回目フォームの回答 '!AI11="ほとんどなかった"),1,(IF(('2回目フォームの回答 '!AI11="ときどきあった"),2,(IF(('2回目フォームの回答 '!AI11="しばしばあった"),3,(IF(('2回目フォームの回答 '!AI11="ほとんどいつもあった"),4,""))))))) -> 3 | BD11: =IF(('2回目フォームの回答 '!AJ11="ほとんどなかった"),1,(IF(('2回目フォームの回答 '!AJ11="ときどきあった"),2,(IF(('2回目フォームの回答 '!AJ11="しばしばあった"),3,(IF(('2回目フォームの回答 '!AJ11="ほとんどいつもあった"),4,""))))))) -> 2 | ... BP11: =IF(('2回目フォームの回答 '!AV11="ほとんどなかった"),1,(IF(('2回目フォームの回答 '!AV11="ときどきあった"),2,(IF(('2回目フォームの回答 '!AV11="しばしばあった"),3,(IF(('2回目フォームの回答 '!AV11="ほとんどいつもあった"),4,""))))))) -> 1 | BQ11: =$AN11+$AO11+$AP11 -> 8 | BR11: =IF((BQ11=3),5,(IF(AND(BQ11>=4,BQ11<=5),4,(IF(AND(BQ11>=6,BQ11<=7),3,(IF(AND(BQ11>=8,BQ11<=9),2,IF(BQ11>=10,1,"")))))))) -> 2 | BS11: =$AQ11+$AR11+$AS11 -> 6 | BT11: =IF(AND(B11="male",BS11=3),1,(IF(AND(B11="male",BS11>=4,BS11<=5),2,(IF(AND(B11="male",BS11>=6,BS11<=7),3,(IF(AND(B11="male",BS11>=8,BS11<=9),4,IF(AND(B11="male",BS11>=10),5,IF(AND(B11="female",BS11=3),1,(IF(AND(B11="female",BS11>=4,BS11<=5),2,(IF(AND(B11="female",BS11>=6,BS11<=8),3,(IF(AND(B11="female",BS11>=9,BS11<=10),4,IF(AND(B11="female",BS11>=11),5,"")))))))))))))))) -> 3 | BU11: =$AT11+$AU11+$AV11 -> 9 | BV11: =IF(AND(B11="male",BU11=3),1,(IF(AND(B11="male",BU11=4),2,(IF(AND(B11="male",BU11>=5,BU11<=7),3,(IF(AND(B11="male",BU11>=8,BU11<=10),4,IF(AND(B11="male",BU11>=11),5,IF(AND(B11="female",BU11=3),1,(IF(AND(B11="female",BU11>=4,BU11<=5),2,(IF(AND(B11="female",BU11>=6,BU11<=8),3,(IF(AND(B11="female",BU11>=9,BU11<=11),4,IF(AND(B11="female",BU11>=12),5,"")))))))))))))))) -> 4 | BW11: =$AW11+$AX11+$AY11 -> 4 | BX11: =IF(AND(B11="male",BW11=3),1,(IF(AND(B11="male",BW11=4),2,(IF(AND(B11="male",BW11>=5,BW11<=7),3,(IF(AND(B11="male",BW11>=8,BW11<=9),4,(IF(AND(B11="male",BW11>=10),5,(IF(AND(B11="female",BW11=3),1,(IF(AND(B11="female",BW11=4),2,(IF(AND(B11="female",BW11>=5,BW11<=7),3,(IF(AND(B11="female",BW11>=8,BW11<=10),4,IF(AND(B11="female",BW11>=11),5,"")))))))))))))))))) -> 2 | BY11: =SUM($AZ11:$BE11) -> 13 | BZ11: =IF(AND(B11="male",BY11=6),1,(IF(AND(B11="male",BY11>=7,BY11<=8),2,(IF(AND(B11="male",BY11>=9,BY11<=12),3,(IF(AND(B11="male",BY11>=13,BY11<=16),4,IF(AND(B11="male",BY11>=17),5,IF(AND(B11="female",BY11=6),1,(IF(AND(B11="female",BY11>=7,BY11<=8),2,(IF(AND(B11="female",BY11>=9,BY11<=12),3,(IF(AND(B11="female",BY11>=13,BY11<=17),4,IF(AND(B11="female",BY11>=18),5,"")))))))))))))))) -> 4 | CA11: =SUM($BF11:$BP11) -> 16 | CB11: =IF(AND(B11="male",CA11=11),1,(IF(AND(B11="male",CA11>=12,CA11<=15),2,(IF(AND(B11="male",CA11>=16,CA11<=21),3,(IF(AND(B11="male",CA11>=22,CA11<=26),4,IF(AND(B11="male",CA11>=27),5,IF(AND(B11="female",CA11<=13),1,(IF(AND(B11="female",CA11>=14,CA11<=17),2,(IF(AND(B11="female",CA11>=18,CA11<=23),3,(IF(AND(B11="female",CA11>=24,CA11<=29),4,IF(AND(B11="female",CA11>=30),5,"")))))))))))))))) -> 3 | CC11: =IF(('2回目フォームの回答 '!AW11="非常に"),1,(IF(('2回目フォームの回答 '!AW11="かなり"),2,(IF(('2回目フォームの回答 '!AW11="多少"),3,(IF(('2回目フォームの回答 '!AW11="全くない"),4,""))))))) -> 2 | CD11: =IF(('2回目フォームの回答 '!AX11="非常に"),1,(IF(('2回目フォームの回答 '!AX11="かなり"),2,(IF(('2回目フォームの回答 '!AX11="多少"),3,(IF(('2回目フォームの回答 '!AX11="全くない"),4,""))))))) -> 2 | CE11: =IF(('2回目フォームの回答 '!AY11="非常に"),1,(IF(('2回目フォームの回答 '!AY11="かなり"),2,(IF(('2回目フォームの回答 '!AY11="多少"),3,(IF(('2回目フォームの回答 '!AY11="全くない"),4,""))))))) -> 1 | CF11: =IF(('2回目フォームの回答 '!AZ11="非常に"),1,(IF(('2回目フォームの回答 '!AZ11="かなり"),2,(IF(('2回目フォームの回答 '!AZ11="多少"),3,(IF(('2回目フォームの回答 '!AZ11="全くない"),4,""))))))) -> 2 | CG11: =IF(('2回目フォームの回答 '!BA11="非常に"),1,(IF(('2回目フォームの回答 '!BA11="かなり"),2,(IF(('2回目フォームの回答 '!BA11="多少"),3,(IF(('2回目フォームの回答 '!BA11="全くない"),4,""))))))) -> 3 | CH11: =IF(('2回目フォームの回答 '!BB11="非常に"),1,(IF(('2回目フォームの回答 '!BB11="かなり"),2,(IF(('2回目フォームの回答 '!BB11="多少"),3,(IF(('2回目フォームの回答 '!BB11="全くない"),4,""))))))) -> 1 | CI11: =IF(('2回目フォームの回答 '!BC11="非常に"),1,(IF(('2回目フォームの回答 '!BC11="かなり"),2,(IF(('2回目フォームの回答 '!BC11="多少"),3,(IF(('2回目フォームの回答 '!BC11="全くない"),4,""))))))) -> 2 | CJ11: =IF(('2回目フォームの回答 '!BD11="非常に"),1,(IF(('2回目フォームの回答 '!BD11="かなり"),2,(IF(('2回目フォームの回答 '!BD11="多少"),3,(IF(('2回目フォームの回答 '!BD11="全くない"),4,""))))))) -> 3 | CK11: =IF(('2回目フォームの回答 '!BE11="非常に"),1,(IF(('2回目フォームの回答 '!BE11="かなり"),2,(IF(('2回目フォームの回答 '!BE11="多少"),3,(IF(('2回目フォームの回答 '!BE11="全くない"),4,""))))))) -> 1 | CL11: =IF(('2回目フォームの回答 '!BF11="満足"),1,(IF(('2回目フォームの回答 '!BF11="まぁ満足"),2,(IF(('2回目フォームの回答 '!BF11="やや満足"),3,(IF(('2回目フォームの回答 '!BF11="不満足"),4,""))))))) -> 2 | CM11: =IF(('2回目フォームの回答 '!BG11="満足"),1,(IF(('2回目フォームの回答 '!BG11="まぁ満足"),2,(IF(('2回目フォームの回答 '!BG11="やや満足"),3,(IF(('2回目フォームの回答 '!BG11="不満足"),4,""))))))) -> 1 | CN11: =15-($CC11+$CF11+$CI11) -> 9 | CO11: =IF(AND(B11="male",CN11<=4),5,(IF(AND(B11="male",CN11>=5,CN11<=6),4,(IF(AND(B11="male",CN11>=7,CN11<=8),3,(IF(AND(B11="male",CN11>=9,CN11<=10),2,IF(AND(B11="male",CN11>=11),1,IF(AND(B11="female",CN11<=3),5,(IF(AND(B11="female",CN11>=4,CN11<=5),4,(IF(AND(B11="female",CN11>=6,CN11<=7),3,(IF(AND(B11="female",CN11>=8,CN11<=10),2,IF(AND(B11="female",CN11>=11),1,"")))))))))))))))) -> 2 | CP11: =15-($CD11+$CG11+$CJ11) -> 7 | CQ11: =IF((CP11<=5),5,(IF(AND(CP11>=6,CP11<=7),4,(IF(AND(CP11>=8,CP11<=9),3,(IF(AND(CP11>=10,AF11<=11),2,IF(AF11>=12,1,"")))))))) -> 4 | CR11: =15-($CE11+$CH11+$CK11) -> 12 | CS11: =IF((CR11<=6),5,(IF(AND(CR11>=7,CR11<=8),4,IF((CR11=9),3,IF(AND(CR11>=10,CR11<=11),2,IF(CR11>=12,1,"")))))) -> 1 | CT11: =10-($CL11+$CM11) -> 7 | CU11: =IF((CT11<=3),5,(IF((CT11=4),4,IF(AND(CT11>=5,CT11<=6),3,IF((CT11=7),2,IF(CT11>=8,1,"")))))) -> 2 | CV11: =BR11+BT11+BV11+BX11+BZ11+CB11 -> 18 | CW11: =W11+Y11+AA11+AC11+AE11+AG11+AI11+AK11+AM11 -> 17 | CX11: =CO11+CQ11+CS11 -> 7 | CY11: =IF((CV11>=24),"高",IF(AND(CV11>=19,CV11<=23,(CW11+CX11)>=46),"高",IF(AND(CV11>=19,CV11<=23,(CW11+CX11)>=12,(CW11+CX11)<=45),"中①",IF(AND(CV11>=6,CV11<=18,(CW11+CX11)>=46),"中②","低")))) -> 低 | CZ11: ='2回目フォームの回答 '!BH11 -> 0.7 | DA11: =1-CZ11 -> 0.3 | DB11: =IF(('2回目フォームの回答 '!BI11="いつもより寝つきは良い"),0,(IF(('2回目フォームの回答 '!BI11="いつもより少し時間がかかった"),1,(IF(('2回目フォームの回答 '!BI11="いつもよりかなり時間がかかった"),2,(IF(('2回目フォームの回答 '!BI11="いつもより非常に時間がかかった、あるいは全く眠れなかった"),3,""))))))) -> 1 | DC11: =IF(('2回目フォームの回答 '!BJ11="問題になるほどのことはなかった"),0,(IF(('2回目フォームの回答 '!BJ11="少し困ることがある"),1,(IF(('2回目フォームの回答 '!BJ11="かなり困っている"),2,(IF(('2回目フォームの回答 '!BJ11="深刻な状態、あるいは全く眠れなかった"),3,""))))))) -> 0 | DD11: =IF(('2回目フォームの回答 '!BK11="そのようなことはなかった"),0,(IF(('2回目フォームの回答 '!BK11="少し早かった"),1,(IF(('2回目フォームの回答 '!BK11="かなり早かった"),2,(IF(('2回目フォームの回答 '!BK11="非常に早かった、あるいは全く眠れなかった"),3,""))))))) -> 0 | DE11: =IF(('2回目フォームの回答 '!BL11="十分である"),0,(IF(('2回目フォームの回答 '!BL11="少し足りない"),1,(IF(('2回目フォームの回答 '!BL11="かなり足りない"),2,(IF(('2回目フォームの回答 '!BL11="全く足りない、あるいは全く眠れなかった"),3,""))))))) -> 0 | DF11: =IF(('2回目フォームの回答 '!BM11="満足している"),0,(IF(('2回目フォームの回答 '!BM11="少し不満である"),1,(IF(('2回目フォームの回答 '!BM11="かなり不満である"),2,(IF(('2回目フォームの回答 '!BM11="非常に不満である、あるいは全く眠れなかった"),3,""))))))) -> 0 | DG11: =IF(('2回目フォームの回答 '!BN11="いつもどおり"),0,(IF(('2回目フォームの回答 '!BN11="少し滅入った"),1,(IF(('2回目フォームの回答 '!BN11="かなり滅入った"),2,(IF(('2回目フォームの回答 '!BN11="非常に滅入った"),3,""))))))) -> 0 | DH11: =IF(('2回目フォームの回答 '!BO11="いつもどおり"),0,(IF(('2回目フォームの回答 '!BO11="少し低下した"),1,(IF(('2回目フォームの回答 '!BO11="かなり低下した"),2,(IF(('2回目フォームの回答 '!BO11="非常に低下した"),3,""))))))) -> 0 | DI11: =IF(('2回目フォームの回答 '!BP11="全くなかった"),0,(IF(('2回目フォームの回答 '!BP11="少しあった"),1,(IF(('2回目フォームの回答 '!BP11="かなりあった"),2,(IF(('2回目フォームの回答 '!BP11="激しかった"),3,""))))))) -> 1 | DJ11: =SUM(DB11:DI11) -> 2 | DK11: =IF((DJ11<=3),"低",(IF(AND(DJ11>=4,DJ11<=5),"中",(IF((DJ11>=6),"高",""))))) -> 低 | DL11: 2.7 | DM11: 1.8 | DN11: 1.4 | DO11: =DL11+DM11+DN11 -> 5.9 | DS11: 0.35277778 | DT11: 291 | DU11: =INDEX('1回目結果'!DR:DR,MATCH($DT11,'1回目結果'!$A:$A,0)) -> 1.192 | DV11: =INDEX('1回目結果'!DS:DS,MATCH($DT11,'1回目結果'!$A:$A,0)) -> 174.74 | DW11: =INDEX('1回目結果'!DT:DT,MATCH($DT11,'1回目結果'!$A:$A,0)) -> 0.68 | DX11: =INDEX('1回目結果'!DU:DU,MATCH($DT11,'1回目結果'!$A:$A,0)) -> 34 | DY11: =IFERROR(INDEX('1回目結果'!DL:DL,MATCH('2回目結果'!$DT11,'1回目結果'!$A:$A,0)),"") -> 2.1 | DZ11: =IFERROR(INDEX('1回目結果'!DM:DM,MATCH('2回目結果'!$DT11,'1回目結果'!$A:$A,0)),"") -> 2.6 | EA11: =IFERROR(INDEX('1回目結果'!DN:DN,MATCH('2回目結果'!$DT11,'1回目結果'!$A:$A,0)),"") -> 2.1 | EB11: =IFERROR(INDEX('1回目結果'!DO:DO,MATCH('2回目結果'!$DT11,'1回目結果'!$A:$A,0)),"") -> 6.8 | EC11: =IFERROR(INDEX('1回目結果'!DP:DP,MATCH('2回目結果'!$DT11,'1回目結果'!$A:$A,0)),"") -> 0 | ED11: =IFERROR(INDEX('1回目結果'!DQ:DQ,MATCH('2回目結果'!$DT11,'1回目結果'!$A:$A,0)),"") -> 0 | EE11: 2.588 | EF11: 305.1 | EG11: 0.85 | EH11: 43 | EI11: メンタルアラートなし（-） | EJ11: =EH11/DX11 -> 1.2647059 | EK11: =EG11/DW11 -> 1.25 | EL11: =DO11-EB11 -> -0.9 | EM11: =DN11-EA11 -> -0.7
A12: 331 | B12: male | C12: 28803 | D12: 45 | E12: =IF(('2回目フォームの回答 '!C12="そうだ"),1,(IF(('2回目フォームの回答 '!C12="まぁそうだ"),2,(IF(('2回目フォームの回答 '!C12="ややちがう"),3,(IF(('2回目フォームの回答 '!C12="ちがう"),4,""))))))) -> 2 | F12: =IF(('2回目フォームの回答 '!D12="そうだ"),1,(IF(('2回目フォームの回答 '!D12="まぁそうだ"),2,(IF(('2回目フォームの回答 '!D12="ややちがう"),3,(IF(('2回目フォームの回答 '!D12="ちがう"),4,""))))))) -> 3 | G12: =IF(('2回目フォームの回答 '!E12="そうだ"),1,(IF(('2回目フォームの回答 '!E12="まぁそうだ"),2,(IF(('2回目フォームの回答 '!E12="ややちがう"),3,(IF(('2回目フォームの回答 '!E12="ちがう"),4,""))))))) -> 2 | H12: =IF(('2回目フォームの回答 '!F12="そうだ"),1,(IF(('2回目フォームの回答 '!F12="まぁそうだ"),2,(IF(('2回目フォームの回答 '!F12="ややちがう"),3,(IF(('2回目フォームの回答 '!F12="ちがう"),4,""))))))) -> 2 | I12: =IF(('2回目フォームの回答 '!G12="そうだ"),1,(IF(('2回目フォームの回答 '!G12="まぁそうだ"),2,(IF(('2回目フォームの回答 '!G12="ややちがう"),3,(IF(('2回目フォームの回答 '!G12="ちがう"),4,""))))))) -> 2 | J12: =IF(('2回目フォームの回答 '!H12="そうだ"),1,(IF(('2回目フォームの回答 '!H12="まぁそうだ"),2,(IF(('2回目フォームの回答 '!H12="ややちがう"),3,(IF(('2回目フォームの回答 '!H12="ちがう"),4,""))))))) -> 2 | K12: =IF(('2回目フォームの回答 '!I12="そうだ"),1,(IF(('2回目フォームの回答 '!I12="まぁそうだ"),2,(IF(('2回目フォームの回答 '!I12="ややちがう"),3,(IF(('2回目フォームの回答 '!I12="ちがう"),4,""))))))) -> 3 | L12: =IF(('2回目フォームの回答 '!J12="そうだ"),1,(IF(('2回目フォームの回答 '!J12="まぁそうだ"),2,(IF(('2回目フォームの回答 '!J12="ややちがう"),3,(IF(('2回目フォームの回答 '!J12="ちがう"),4,""))))))) -> 2 | ... U12: =IF(('2回目フォームの回答 '!S12="そうだ"),1,(IF(('2回目フォームの回答 '!S12="まぁそうだ"),2,(IF(('2回目フォームの回答 '!S12="ややちがう"),3,(IF(('2回目フォームの回答 '!S12="ちがう"),4,""))))))) -> 2 | V12: =15-($E12+$F12+$G12) -> 8 | W12: =IF(AND(B12="male",V12<=5),1,(IF(AND(B12="male",V12>=6,V12<=7),2,(IF(AND(B12="male",V12>=8,V12<=9),3,(IF(AND(B12="male",V12>=10,V12<=11),4,IF(AND(B12="male",V12>=12),5,IF(AND(B12="female",V12<=4),1,(IF(AND(B12="female",V12>=5,V12<=6),2,(IF(AND(B12="female",V12>=7,V12<=9),3,(IF(AND(B12="female",V12>=10,V12<=11),4,IF(AND(B12="female",V12>=12),5,"")))))))))))))))) -> 3 | X12: =15-($H12+$I12+$J12) -> 9 | Y12: =IF(AND(B12="male",X12<=5),1,(IF(AND(B12="male",X12>=6,X12<=7),2,(IF(AND(B12="male",X12>=8,X12<=9),3,(IF(AND(B12="male",X12>=10,X12<=11),4,IF(AND(B12="male",X12>=12),5,IF(AND(B12="female",X12<=4),1,(IF(AND(B12="female",X12>=5,X12<=6),2,(IF(AND(B12="female",X12>=7,X12<=8),3,(IF(AND(B12="female",X12>=9,X12<=10),4,IF(AND(B12="female",X12>=11),5,"")))))))))))))))) -> 3 | Z12: =5-$K12 -> 2 | AA12: =IF(Z12=1,2,IF(Z12=2,3,(IF(Z12=3,4,(IF(Z12=4,5,"")))))) -> 3 | AB12: =10-($P12+Q12)+$R12 -> 6 | AC12: =IF((AB12=3),1,(IF(AND(AB12>=4,AB12<=5),2,(IF(AND(AB12>=6,AB12<=7),3,(IF(AND(AB12>=8,AB12<=9),4,IF(AB12>=10,5,"")))))))) -> 3 | AD12: =5-$S12 -> 1 | AE12: =IF(AND(B12="male",AD12=1),2,IF(AND(B12="male",AD12=2),3,(IF(AND(B12="male",AD12=3),4,(IF(AND(B12="male",AD12=4),5,IF(AND(B12="female",AD12=1),1,IF(AND(B12="female",AD12=2),3,(IF(AND(B12="female",AD12=3),4,(IF(AND(B12="female",AD12=4),5,"")))))))))))) -> 2 | AF12: =15-($L12+$M12+$N12) -> 9 | AG12: =IF(AND(B12="male",AF12<=4),5,(IF(AND(B12="male",AF12>=5,AF12<=6),4,(IF(AND(B12="male",AF12>=7,AF12<=8),3,(IF(AND(B12="male",AF12>=9,AF12<=10),2,IF(AND(B12="male",AF12>=11),1,IF(AND(B12="female",AF12<=3),5,(IF(AND(B12="female",AF12>=4,AF12<=5),4,(IF(AND(B12="female",AF12>=6,AF12<=8),3,(IF(AND(B12="female",AF12>=9,AF12<=10),2,IF(AND(B12="female",AF12>=11),1,"")))))))))))))))) -> 2 | AH12: =$O12 -> 3 | AI12: =IF(AH12=1,5,IF(AH12=2,4,(IF(AH12=3,3,(IF(AH12=4,2,"")))))) -> 3 | AJ12: =5-$T12 -> 3 | AK12: =IF(AJ12=1,5,IF(AJ12=2,4,(IF(AJ12=3,3,(IF(AJ12=4,1,"")))))) -> 3 | AL12: =5-$U12 -> 3 | AM12: =IF(AL12=1,5,IF(AL12=2,4,(IF(AL12=3,3,(IF(AL12=4,1,"")))))) -> 3 | AN12: =IF(('2回目フォームの回答 '!T12="ほとんどなかった"),1,(IF(('2回目フォームの回答 '!T12="ときどきあった"),2,(IF(('2回目フォームの回答 '!T12="しばしばあった"),3,(IF(('2回目フォームの回答 '!T12="ほとんどいつもあった"),4,""))))))) -> 3 | AO12: =IF(('2回目フォームの回答 '!U12="ほとんどなかった"),1,(IF(('2回目フォームの回答 '!U12="ときどきあった"),2,(IF(('2回目フォームの回答 '!U12="しばしばあった"),3,(IF(('2回目フォームの回答 '!U12="ほとんどいつもあった"),4,""))))))) -> 3 | AP12: =IF(('2回目フォームの回答 '!V12="ほとんどなかった"),1,(IF(('2回目フォームの回答 '!V12="ときどきあった"),2,(IF(('2回目フォームの回答 '!V12="しばしばあった"),3,(IF(('2回目フォームの回答 '!V12="ほとんどいつもあった"),4,""))))))) -> 3 | AQ12: =IF(('2回目フォームの回答 '!W12="ほとんどなかった"),1,(IF(('2回目フォームの回答 '!W12="ときどきあった"),2,(IF(('2回目フォームの回答 '!W12="しばしばあった"),3,(IF(('2回目フォームの回答 '!W12="ほとんどいつもあった"),4,""))))))) -> 1 | AR12: =IF(('2回目フォームの回答 '!X12="ほとんどなかった"),1,(IF(('2回目フォームの回答 '!X12="ときどきあった"),2,(IF(('2回目フォームの回答 '!X12="しばしばあった"),3,(IF(('2回目フォームの回答 '!X12="ほとんどいつもあった"),4,""))))))) -> 1 | AS12: =IF(('2回目フォームの回答 '!Y12="ほとんどなかった"),1,(IF(('2回目フォームの回答 '!Y12="ときどきあった"),2,(IF(('2回目フォームの回答 '!Y12="しばしばあった"),3,(IF(('2回目フォームの回答 '!Y12="ほとんどいつもあった"),4,""))))))) -> 2 | AT12: =IF(('2回目フォームの回答 '!Z12="ほとんどなかった"),1,(IF(('2回目フォームの回答 '!Z12="ときどきあった"),2,(IF(('2回目フォームの回答 '!Z12="しばしばあった"),3,(IF(('2回目フォームの回答 '!Z12="ほとんどいつもあった"),4,""))))))) -> 2 | AU12: =IF(('2回目フォームの回答 '!AA12="ほとんどなかった"),1,(IF(('2回目フォームの回答 '!AA12="ときどきあった"),2,(IF(('2回目フォームの回答 '!AA12="しばしばあった"),3,(IF(('2回目フォームの回答 '!AA12="ほとんどいつもあった"),4,""))))))) -> 1 | AV12: =IF(('2回目フォームの回答 '!AB12="ほとんどなかった"),1,(IF(('2回目フォームの回答 '!AB12="ときどきばあった"),2,(IF(('2回目フォームの回答 '!AB12="しばしばあった"),3,(IF(('2回目フォームの回答 '!AB12="ほとんどいつもあった"),4,""))))))) -> 2 | AW12: =IF(('2回目フォームの回答 '!AC12="ほとんどなかった"),1,(IF(('2回目フォームの回答 '!AC12="ときどきあった"),2,(IF(('2回目フォームの回答 '!AC12="しばしばあった"),3,(IF(('2回目フォームの回答 '!AC12="ほとんどいつもあった"),4,""))))))) -> 2 | AX12: =IF(('2回目フォームの回答 '!AD12="ほとんどなかった"),1,(IF(('2回目フォームの回答 '!AD12="ときどきあった"),2,(IF(('2回目フォームの回答 '!AD12="しばしばあった"),3,(IF(('2回目フォームの回答 '!AD12="ほとんどいつもあった"),4,""))))))) -> 1 | AY12: =IF(('2回目フォームの回答 '!AE12="ほとんどなかった"),1,(IF(('2回目フォームの回答 '!AE12="ときどきあった"),2,(IF(('2回目フォームの回答 '!AE12="しばしばあった"),3,(IF(('2回目フォームの回答 '!AE12="ほとんどいつもあった"),4,""))))))) -> 1 | AZ12: =IF(('2回目フォームの回答 '!AF12="ほとんどなかった"),1,(IF(('2回目フォームの回答 '!AF12="ときどきあった"),2,(IF(('2回目フォームの回答 '!AF12="しばしばあった"),3,(IF(('2回目フォームの回答 '!AF12="ほとんどいつもあった"),4,""))))))) -> 1 | BA12: =IF(('2回目フォームの回答 '!AG12="ほとんどなかった"),1,(IF(('2回目フォームの回答 '!AG12="ときどきあった"),2,(IF(('2回目フォームの回答 '!AG12="しばしばあった"),3,(IF(('2回目フォームの回答 '!AG12="ほとんどいつもあった"),4,""))))))) -> 2 | BB12: =IF(('2回目フォームの回答 '!AH12="ほとんどなかった"),1,(IF(('2回目フォームの回答 '!AH12="ときどきあった"),2,(IF(('2回目フォームの回答 '!AH12="しばしばあった"),3,(IF(('2回目フォームの回答 '!AH12="ほとんどいつもあった"),4,""))))))) -> 2 | BC12: =IF(('2回目フォームの回答 '!AI12="ほとんどなかった"),1,(IF(('2回目フォームの回答 '!AI12="ときどきあった"),2,(IF(('2回目フォームの回答 '!AI12="しばしばあった"),3,(IF(('2回目フォームの回答 '!AI12="ほとんどいつもあった"),4,""))))))) -> 2 | BD12: =IF(('2回目フォームの回答 '!AJ12="ほとんどなかった"),1,(IF(('2回目フォームの回答 '!AJ12="ときどきあった"),2,(IF(('2回目フォームの回答 '!AJ12="しばしばあった"),3,(IF(('2回目フォームの回答 '!AJ12="ほとんどいつもあった"),4,""))))))) -> 1 | ... BP12: =IF(('2回目フォームの回答 '!AV12="ほとんどなかった"),1,(IF(('2回目フォームの回答 '!AV12="ときどきあった"),2,(IF(('2回目フォームの回答 '!AV12="しばしばあった"),3,(IF(('2回目フォームの回答 '!AV12="ほとんどいつもあった"),4,""))))))) -> 1 | BQ12: =$AN12+$AO12+$AP12 -> 9 | BR12: =IF((BQ12=3),5,(IF(AND(BQ12>=4,BQ12<=5),4,(IF(AND(BQ12>=6,BQ12<=7),3,(IF(AND(BQ12>=8,BQ12<=9),2,IF(BQ12>=10,1,"")))))))) -> 2 | BS12: =$AQ12+$AR12+$AS12 -> 4 | BT12: =IF(AND(B12="male",BS12=3),1,(IF(AND(B12="male",BS12>=4,BS12<=5),2,(IF(AND(B12="male",BS12>=6,BS12<=7),3,(IF(AND(B12="male",BS12>=8,BS12<=9),4,IF(AND(B12="male",BS12>=10),5,IF(AND(B12="female",BS12=3),1,(IF(AND(B12="female",BS12>=4,BS12<=5),2,(IF(AND(B12="female",BS12>=6,BS12<=8),3,(IF(AND(B12="female",BS12>=9,BS12<=10),4,IF(AND(B12="female",BS12>=11),5,"")))))))))))))))) -> 2 | BU12: =$AT12+$AU12+$AV12 -> 5 | BV12: =IF(AND(B12="male",BU12=3),1,(IF(AND(B12="male",BU12=4),2,(IF(AND(B12="male",BU12>=5,BU12<=7),3,(IF(AND(B12="male",BU12>=8,BU12<=10),4,IF(AND(B12="male",BU12>=11),5,IF(AND(B12="female",BU12=3),1,(IF(AND(B12="female",BU12>=4,BU12<=5),2,(IF(AND(B12="female",BU12>=6,BU12<=8),3,(IF(AND(B12="female",BU12>=9,BU12<=11),4,IF(AND(B12="female",BU12>=12),5,"")))))))))))))))) -> 3 | BW12: =$AW12+$AX12+$AY12 -> 4 | BX12: =IF(AND(B12="male",BW12=3),1,(IF(AND(B12="male",BW12=4),2,(IF(AND(B12="male",BW12>=5,BW12<=7),3,(IF(AND(B12="male",BW12>=8,BW12<=9),4,(IF(AND(B12="male",BW12>=10),5,(IF(AND(B12="female",BW12=3),1,(IF(AND(B12="female",BW12=4),2,(IF(AND(B12="female",BW12>=5,BW12<=7),3,(IF(AND(B12="female",BW12>=8,BW12<=10),4,IF(AND(B12="female",BW12>=11),5,"")))))))))))))))))) -> 2 | BY12: =SUM($AZ12:$BE12) -> 9 | BZ12: =IF(AND(B12="male",BY12=6),1,(IF(AND(B12="male",BY12>=7,BY12<=8),2,(IF(AND(B12="male",BY12>=9,BY12<=12),3,(IF(AND(B12="male",BY12>=13,BY12<=16),4,IF(AND(B12="male",BY12>=17),5,IF(AND(B12="female",BY12=6),1,(IF(AND(B12="female",BY12>=7,BY12<=8),2,(IF(AND(B12="female",BY12>=9,BY12<=12),3,(IF(AND(B12="female",BY12>=13,BY12<=17),4,IF(AND(B12="female",BY12>=18),5,"")))))))))))))))) -> 3 | CA12: =SUM($BF12:$BP12) -> 21 | CB12: =IF(AND(B12="male",CA12=11),1,(IF(AND(B12="male",CA12>=12,CA12<=15),2,(IF(AND(B12="male",CA12>=16,CA12<=21),3,(IF(AND(B12="male",CA12>=22,CA12<=26),4,IF(AND(B12="male",CA12>=27),5,IF(AND(B12="female",CA12<=13),1,(IF(AND(B12="female",CA12>=14,CA12<=17),2,(IF(AND(B12="female",CA12>=18,CA12<=23),3,(IF(AND(B12="female",CA12>=24,CA12<=29),4,IF(AND(B12="female",CA12>=30),5,"")))))))))))))))) -> 3 | CC12: =IF(('2回目フォームの回答 '!AW12="非常に"),1,(IF(('2回目フォームの回答 '!AW12="かなり"),2,(IF(('2回目フォームの回答 '!AW12="多少"),3,(IF(('2回目フォームの回答 '!AW12="全くない"),4,""))))))) -> 2 | CD12: =IF(('2回目フォームの回答 '!AX12="非常に"),1,(IF(('2回目フォームの回答 '!AX12="かなり"),2,(IF(('2回目フォームの回答 '!AX12="多少"),3,(IF(('2回目フォームの回答 '!AX12="全くない"),4,""))))))) -> 2 | CE12: =IF(('2回目フォームの回答 '!AY12="非常に"),1,(IF(('2回目フォームの回答 '!AY12="かなり"),2,(IF(('2回目フォームの回答 '!AY12="多少"),3,(IF(('2回目フォームの回答 '!AY12="全くない"),4,""))))))) -> 2 | CF12: =IF(('2回目フォームの回答 '!AZ12="非常に"),1,(IF(('2回目フォームの回答 '!AZ12="かなり"),2,(IF(('2回目フォームの回答 '!AZ12="多少"),3,(IF(('2回目フォームの回答 '!AZ12="全くない"),4,""))))))) -> 2 | CG12: =IF(('2回目フォームの回答 '!BA12="非常に"),1,(IF(('2回目フォームの回答 '!BA12="かなり"),2,(IF(('2回目フォームの回答 '!BA12="多少"),3,(IF(('2回目フォームの回答 '!BA12="全くない"),4,""))))))) -> 2 | CH12: =IF(('2回目フォームの回答 '!BB12="非常に"),1,(IF(('2回目フォームの回答 '!BB12="かなり"),2,(IF(('2回目フォームの回答 '!BB12="多少"),3,(IF(('2回目フォームの回答 '!BB12="全くない"),4,""))))))) -> 2 | CI12: =IF(('2回目フォームの回答 '!BC12="非常に"),1,(IF(('2回目フォームの回答 '!BC12="かなり"),2,(IF(('2回目フォームの回答 '!BC12="多少"),3,(IF(('2回目フォームの回答 '!BC12="全くない"),4,""))))))) -> 2 | CJ12: =IF(('2回目フォームの回答 '!BD12="非常に"),1,(IF(('2回目フォームの回答 '!BD12="かなり"),2,(IF(('2回目フォームの回答 '!BD12="多少"),3,(IF(('2回目フォームの回答 '!BD12="全くない"),4,""))))))) -> 2 | CK12: =IF(('2回目フォームの回答 '!BE12="非常に"),1,(IF(('2回目フォームの回答 '!BE12="かなり"),2,(IF(('2回目フォームの回答 '!BE12="多少"),3,(IF(('2回目フォームの回答 '!BE12="全くない"),4,""))))))) -> 2 | CL12: =IF(('2回目フォームの回答 '!BF12="満足"),1,(IF(('2回目フォームの回答 '!BF12="まぁ満足"),2,(IF(('2回目フォームの回答 '!BF12="やや満足"),3,(IF(('2回目フォームの回答 '!BF12="不満足"),4,""))))))) -> 2 | CM12: =IF(('2回目フォームの回答 '!BG12="満足"),1,(IF(('2回目フォームの回答 '!BG12="まぁ満足"),2,(IF(('2回目フォームの回答 '!BG12="やや満足"),3,(IF(('2回目フォームの回答 '!BG12="不満足"),4,""))))))) -> 2 | CN12: =15-($CC12+$CF12+$CI12) -> 9 | CO12: =IF(AND(B12="male",CN12<=4),5,(IF(AND(B12="male",CN12>=5,CN12<=6),4,(IF(AND(B12="male",CN12>=7,CN12<=8),3,(IF(AND(B12="male",CN12>=9,CN12<=10),2,IF(AND(B12="male",CN12>=11),1,IF(AND(B12="female",CN12<=3),5,(IF(AND(B12="female",CN12>=4,CN12<=5),4,(IF(AND(B12="female",CN12>=6,CN12<=7),3,(IF(AND(B12="female",CN12>=8,CN12<=10),2,IF(AND(B12="female",CN12>=11),1,"")))))))))))))))) -> 2 | CP12: =15-($CD12+$CG12+$CJ12) -> 9 | CQ12: =IF((CP12<=5),5,(IF(AND(CP12>=6,CP12<=7),4,(IF(AND(CP12>=8,CP12<=9),3,(IF(AND(CP12>=10,AF12<=11),2,IF(AF12>=12,1,"")))))))) -> 3 | CR12: =15-($CE12+$CH12+$CK12) -> 9 | CS12: =IF((CR12<=6),5,(IF(AND(CR12>=7,CR12<=8),4,IF((CR12=9),3,IF(AND(CR12>=10,CR12<=11),2,IF(CR12>=12,1,"")))))) -> 3 | CT12: =10-($CL12+$CM12) -> 6 | CU12: =IF((CT12<=3),5,(IF((CT12=4),4,IF(AND(CT12>=5,CT12<=6),3,IF((CT12=7),2,IF(CT12>=8,1,"")))))) -> 3 | CV12: =BR12+BT12+BV12+BX12+BZ12+CB12 -> 15 | CW12: =W12+Y12+AA12+AC12+AE12+AG12+AI12+AK12+AM12 -> 25 | CX12: =CO12+CQ12+CS12 -> 8 | CY12: =IF((CV12>=24),"高",IF(AND(CV12>=19,CV12<=23,(CW12+CX12)>=46),"高",IF(AND(CV12>=19,CV12<=23,(CW12+CX12)>=12,(CW12+CX12)<=45),"中①",IF(AND(CV12>=6,CV12<=18,(CW12+CX12)>=46),"中②","低")))) -> 低 | CZ12: ='2回目フォームの回答 '!BH12 -> 1 | DA12: =1-CZ12 -> 0 | DB12: =IF(('2回目フォームの回答 '!BI12="いつもより寝つきは良い"),0,(IF(('2回目フォームの回答 '!BI12="いつもより少し時間がかかった"),1,(IF(('2回目フォームの回答 '!BI12="いつもよりかなり時間がかかった"),2,(IF(('2回目フォームの回答 '!BI12="いつもより非常に時間がかかった、あるいは全く眠れなかった"),3,""))))))) -> 0 | DC12: =IF(('2回目フォームの回答 '!BJ12="問題になるほどのことはなかった"),0,(IF(('2回目フォームの回答 '!BJ12="少し困ることがある"),1,(IF(('2回目フォームの回答 '!BJ12="かなり困っている"),2,(IF(('2回目フォームの回答 '!BJ12="深刻な状態、あるいは全く眠れなかった"),3,""))))))) -> 0 | DD12: =IF(('2回目フォームの回答 '!BK12="そのようなことはなかった"),0,(IF(('2回目フォームの回答 '!BK12="少し早かった"),1,(IF(('2回目フォームの回答 '!BK12="かなり早かった"),2,(IF(('2回目フォームの回答 '!BK12="非常に早かった、あるいは全く眠れなかった"),3,""))))))) -> 0 | DE12: =IF(('2回目フォームの回答 '!BL12="十分である"),0,(IF(('2回目フォームの回答 '!BL12="少し足りない"),1,(IF(('2回目フォームの回答 '!BL12="かなり足りない"),2,(IF(('2回目フォームの回答 '!BL12="全く足りない、あるいは全く眠れなかった"),3,""))))))) -> 1 | DF12: =IF(('2回目フォームの回答 '!BM12="満足している"),0,(IF(('2回目フォームの回答 '!BM12="少し不満である"),1,(IF(('2回目フォームの回答 '!BM12="かなり不満である"),2,(IF(('2回目フォームの回答 '!BM12="非常に不満である、あるいは全く眠れなかった"),3,""))))))) -> 1 | DG12: =IF(('2回目フォームの回答 '!BN12="いつもどおり"),0,(IF(('2回目フォームの回答 '!BN12="少し滅入った"),1,(IF(('2回目フォームの回答 '!BN12="かなり滅入った"),2,(IF(('2回目フォームの回答 '!BN12="非常に滅入った"),3,""))))))) -> 0 | DH12: =IF(('2回目フォームの回答 '!BO12="いつもどおり"),0,(IF(('2回目フォームの回答 '!BO12="少し低下した"),1,(IF(('2回目フォームの回答 '!BO12="かなり低下した"),2,(IF(('2回目フォームの回答 '!BO12="非常に低下した"),3,""))))))) -> 0 | DI12: =IF(('2回目フォームの回答 '!BP12="全くなかった"),0,(IF(('2回目フォームの回答 '!BP12="少しあった"),1,(IF(('2回目フォームの回答 '!BP12="かなりあった"),2,(IF(('2回目フォームの回答 '!BP12="激しかった"),3,""))))))) -> 2 | DJ12: =SUM(DB12:DI12) -> 4 | DK12: =IF((DJ12<=3),"低",(IF(AND(DJ12>=4,DJ12<=5),"中",(IF((DJ12>=6),"高",""))))) -> 中 | DL12: 31.8 | DM12: 28.4 | DN12: 35.4 | DO12: =DL12+DM12+DN12 -> 95.6 | DS12: 0.31666667 | DT12: 299 | DU12: =INDEX('1回目結果'!DR:DR,MATCH($DT12,'1回目結果'!$A:$A,0)) -> 2.14 | DV12: =INDEX('1回目結果'!DS:DS,MATCH($DT12,'1回目結果'!$A:$A,0)) -> 227.4 | DW12: =INDEX('1回目結果'!DT:DT,MATCH($DT12,'1回目結果'!$A:$A,0)) -> 0.94 | DX12: =INDEX('1回目結果'!DU:DU,MATCH($DT12,'1回目結果'!$A:$A,0)) -> 47 | DY12: =IFERROR(INDEX('1回目結果'!DL:DL,MATCH('2回目結果'!$DT12,'1回目結果'!$A:$A,0)),"") -> 6.6 | DZ12: =IFERROR(INDEX('1回目結果'!DM:DM,MATCH('2回目結果'!$DT12,'1回目結果'!$A:$A,0)),"") -> 13.2 | EA12: =IFERROR(INDEX('1回目結果'!DN:DN,MATCH('2回目結果'!$DT12,'1回目結果'!$A:$A,0)),"") -> 30.7 | EB12: =IFERROR(INDEX('1回目結果'!DO:DO,MATCH('2回目結果'!$DT12,'1回目結果'!$A:$A,0)),"") -> 50.5 | EC12: =IFERROR(INDEX('1回目結果'!DP:DP,MATCH('2回目結果'!$DT12,'1回目結果'!$A:$A,0)),"") -> 0 | ED12: =IFERROR(INDEX('1回目結果'!DQ:DQ,MATCH('2回目結果'!$DT12,'1回目結果'!$A:$A,0)),"") -> 〇 | EE12: 2.168 | EF12: 246.13 | EG12: 0.88 | EH12: 44 | EI12: メンタルアラートなし（-） | EJ12: =EH12/DX12 -> 0.93617021 | EK12: =EG12/DW12 -> 0.93617021 | EL12: =DO12-EB12 -> 45.1 | EM12: =DN12-EA12 -> 4.7
A13: 332 | B13: female | C13: 36198 | D13: 25 | E13: =IF(('2回目フォームの回答 '!C13="そうだ"),1,(IF(('2回目フォームの回答 '!C13="まぁそうだ"),2,(IF(('2回目フォームの回答 '!C13="ややちがう"),3,(IF(('2回目フォームの回答 '!C13="ちがう"),4,""))))))) -> 3 | F13: =IF(('2回目フォームの回答 '!D13="そうだ"),1,(IF(('2回目フォームの回答 '!D13="まぁそうだ"),2,(IF(('2回目フォームの回答 '!D13="ややちがう"),3,(IF(('2回目フォームの回答 '!D13="ちがう"),4,""))))))) -> 3 | G13: =IF(('2回目フォームの回答 '!E13="そうだ"),1,(IF(('2回目フォームの回答 '!E13="まぁそうだ"),2,(IF(('2回目フォームの回答 '!E13="ややちがう"),3,(IF(('2回目フォームの回答 '!E13="ちがう"),4,""))))))) -> 1 | H13: =IF(('2回目フォームの回答 '!F13="そうだ"),1,(IF(('2回目フォームの回答 '!F13="まぁそうだ"),2,(IF(('2回目フォームの回答 '!F13="ややちがう"),3,(IF(('2回目フォームの回答 '!F13="ちがう"),4,""))))))) -> 1 | I13: =IF(('2回目フォームの回答 '!G13="そうだ"),1,(IF(('2回目フォームの回答 '!G13="まぁそうだ"),2,(IF(('2回目フォームの回答 '!G13="ややちがう"),3,(IF(('2回目フォームの回答 '!G13="ちがう"),4,""))))))) -> 2 | J13: =IF(('2回目フォームの回答 '!H13="そうだ"),1,(IF(('2回目フォームの回答 '!H13="まぁそうだ"),2,(IF(('2回目フォームの回答 '!H13="ややちがう"),3,(IF(('2回目フォームの回答 '!H13="ちがう"),4,""))))))) -> 2 | K13: =IF(('2回目フォームの回答 '!I13="そうだ"),1,(IF(('2回目フォームの回答 '!I13="まぁそうだ"),2,(IF(('2回目フォームの回答 '!I13="ややちがう"),3,(IF(('2回目フォームの回答 '!I13="ちがう"),4,""))))))) -> 3 | L13: =IF(('2回目フォームの回答 '!J13="そうだ"),1,(IF(('2回目フォームの回答 '!J13="まぁそうだ"),2,(IF(('2回目フォームの回答 '!J13="ややちがう"),3,(IF(('2回目フォームの回答 '!J13="ちがう"),4,""))))))) -> 2 | ... U13: =IF(('2回目フォームの回答 '!S13="そうだ"),1,(IF(('2回目フォームの回答 '!S13="まぁそうだ"),2,(IF(('2回目フォームの回答 '!S13="ややちがう"),3,(IF(('2回目フォームの回答 '!S13="ちがう"),4,""))))))) -> 2 | V13: =15-($E13+$F13+$G13) -> 8 | W13: =IF(AND(B13="male",V13<=5),1,(IF(AND(B13="male",V13>=6,V13<=7),2,(IF(AND(B13="male",V13>=8,V13<=9),3,(IF(AND(B13="male",V13>=10,V13<=11),4,IF(AND(B13="male",V13>=12),5,IF(AND(B13="female",V13<=4),1,(IF(AND(B13="female",V13>=5,V13<=6),2,(IF(AND(B13="female",V13>=7,V13<=9),3,(IF(AND(B13="female",V13>=10,V13<=11),4,IF(AND(B13="female",V13>=12),5,"")))))))))))))))) -> 3 | X13: =15-($H13+$I13+$J13) -> 10 | Y13: =IF(AND(B13="male",X13<=5),1,(IF(AND(B13="male",X13>=6,X13<=7),2,(IF(AND(B13="male",X13>=8,X13<=9),3,(IF(AND(B13="male",X13>=10,X13<=11),4,IF(AND(B13="male",X13>=12),5,IF(AND(B13="female",X13<=4),1,(IF(AND(B13="female",X13>=5,X13<=6),2,(IF(AND(B13="female",X13>=7,X13<=8),3,(IF(AND(B13="female",X13>=9,X13<=10),4,IF(AND(B13="female",X13>=11),5,"")))))))))))))))) -> 4 | Z13: =5-$K13 -> 2 | AA13: =IF(Z13=1,2,IF(Z13=2,3,(IF(Z13=3,4,(IF(Z13=4,5,"")))))) -> 3 | AB13: =10-($P13+Q13)+$R13 -> 7 | AC13: =IF((AB13=3),1,(IF(AND(AB13>=4,AB13<=5),2,(IF(AND(AB13>=6,AB13<=7),3,(IF(AND(AB13>=8,AB13<=9),4,IF(AB13>=10,5,"")))))))) -> 3 | AD13: =5-$S13 -> 4 | AE13: =IF(AND(B13="male",AD13=1),2,IF(AND(B13="male",AD13=2),3,(IF(AND(B13="male",AD13=3),4,(IF(AND(B13="male",AD13=4),5,IF(AND(B13="female",AD13=1),1,IF(AND(B13="female",AD13=2),3,(IF(AND(B13="female",AD13=3),4,(IF(AND(B13="female",AD13=4),5,"")))))))))))) -> 5 | AF13: =15-($L13+$M13+$N13) -> 7 | AG13: =IF(AND(B13="male",AF13<=4),5,(IF(AND(B13="male",AF13>=5,AF13<=6),4,(IF(AND(B13="male",AF13>=7,AF13<=8),3,(IF(AND(B13="male",AF13>=9,AF13<=10),2,IF(AND(B13="male",AF13>=11),1,IF(AND(B13="female",AF13<=3),5,(IF(AND(B13="female",AF13>=4,AF13<=5),4,(IF(AND(B13="female",AF13>=6,AF13<=8),3,(IF(AND(B13="female",AF13>=9,AF13<=10),2,IF(AND(B13="female",AF13>=11),1,"")))))))))))))))) -> 3 | AH13: =$O13 -> 3 | AI13: =IF(AH13=1,5,IF(AH13=2,4,(IF(AH13=3,3,(IF(AH13=4,2,"")))))) -> 3 | AJ13: =5-$T13 -> 3 | AK13: =IF(AJ13=1,5,IF(AJ13=2,4,(IF(AJ13=3,3,(IF(AJ13=4,1,"")))))) -> 3 | AL13: =5-$U13 -> 3 | AM13: =IF(AL13=1,5,IF(AL13=2,4,(IF(AL13=3,3,(IF(AL13=4,1,"")))))) -> 3 | AN13: =IF(('2回目フォームの回答 '!T13="ほとんどなかった"),1,(IF(('2回目フォームの回答 '!T13="ときどきあった"),2,(IF(('2回目フォームの回答 '!T13="しばしばあった"),3,(IF(('2回目フォームの回答 '!T13="ほとんどいつもあった"),4,""))))))) -> 1 | AO13: =IF(('2回目フォームの回答 '!U13="ほとんどなかった"),1,(IF(('2回目フォームの回答 '!U13="ときどきあった"),2,(IF(('2回目フォームの回答 '!U13="しばしばあった"),3,(IF(('2回目フォームの回答 '!U13="ほとんどいつもあった"),4,""))))))) -> 2 | AP13: =IF(('2回目フォームの回答 '!V13="ほとんどなかった"),1,(IF(('2回目フォームの回答 '!V13="ときどきあった"),2,(IF(('2回目フォームの回答 '!V13="しばしばあった"),3,(IF(('2回目フォームの回答 '!V13="ほとんどいつもあった"),4,""))))))) -> 1 | AQ13: =IF(('2回目フォームの回答 '!W13="ほとんどなかった"),1,(IF(('2回目フォームの回答 '!W13="ときどきあった"),2,(IF(('2回目フォームの回答 '!W13="しばしばあった"),3,(IF(('2回目フォームの回答 '!W13="ほとんどいつもあった"),4,""))))))) -> 2 | AR13: =IF(('2回目フォームの回答 '!X13="ほとんどなかった"),1,(IF(('2回目フォームの回答 '!X13="ときどきあった"),2,(IF(('2回目フォームの回答 '!X13="しばしばあった"),3,(IF(('2回目フォームの回答 '!X13="ほとんどいつもあった"),4,""))))))) -> 2 | AS13: =IF(('2回目フォームの回答 '!Y13="ほとんどなかった"),1,(IF(('2回目フォームの回答 '!Y13="ときどきあった"),2,(IF(('2回目フォームの回答 '!Y13="しばしばあった"),3,(IF(('2回目フォームの回答 '!Y13="ほとんどいつもあった"),4,""))))))) -> 3 | AT13: =IF(('2回目フォームの回答 '!Z13="ほとんどなかった"),1,(IF(('2回目フォームの回答 '!Z13="ときどきあった"),2,(IF(('2回目フォームの回答 '!Z13="しばしばあった"),3,(IF(('2回目フォームの回答 '!Z13="ほとんどいつもあった"),4,""))))))) -> 3 | AU13: =IF(('2回目フォームの回答 '!AA13="ほとんどなかった"),1,(IF(('2回目フォームの回答 '!AA13="ときどきあった"),2,(IF(('2回目フォームの回答 '!AA13="しばしばあった"),3,(IF(('2回目フォームの回答 '!AA13="ほとんどいつもあった"),4,""))))))) -> 2 | AV13: =IF(('2回目フォームの回答 '!AB13="ほとんどなかった"),1,(IF(('2回目フォームの回答 '!AB13="ときどきばあった"),2,(IF(('2回目フォームの回答 '!AB13="しばしばあった"),3,(IF(('2回目フォームの回答 '!AB13="ほとんどいつもあった"),4,""))))))) -> 4 | AW13: =IF(('2回目フォームの回答 '!AC13="ほとんどなかった"),1,(IF(('2回目フォームの回答 '!AC13="ときどきあった"),2,(IF(('2回目フォームの回答 '!AC13="しばしばあった"),3,(IF(('2回目フォームの回答 '!AC13="ほとんどいつもあった"),4,""))))))) -> 3 | AX13: =IF(('2回目フォームの回答 '!AD13="ほとんどなかった"),1,(IF(('2回目フォームの回答 '!AD13="ときどきあった"),2,(IF(('2回目フォームの回答 '!AD13="しばしばあった"),3,(IF(('2回目フォームの回答 '!AD13="ほとんどいつもあった"),4,""))))))) -> 4 | AY13: =IF(('2回目フォームの回答 '!AE13="ほとんどなかった"),1,(IF(('2回目フォームの回答 '!AE13="ときどきあった"),2,(IF(('2回目フォームの回答 '!AE13="しばしばあった"),3,(IF(('2回目フォームの回答 '!AE13="ほとんどいつもあった"),4,""))))))) -> 3 | AZ13: =IF(('2回目フォームの回答 '!AF13="ほとんどなかった"),1,(IF(('2回目フォームの回答 '!AF13="ときどきあった"),2,(IF(('2回目フォームの回答 '!AF13="しばしばあった"),3,(IF(('2回目フォームの回答 '!AF13="ほとんどいつもあった"),4,""))))))) -> 2 | BA13: =IF(('2回目フォームの回答 '!AG13="ほとんどなかった"),1,(IF(('2回目フォームの回答 '!AG13="ときどきあった"),2,(IF(('2回目フォームの回答 '!AG13="しばしばあった"),3,(IF(('2回目フォームの回答 '!AG13="ほとんどいつもあった"),4,""))))))) -> 4 | BB13: =IF(('2回目フォームの回答 '!AH13="ほとんどなかった"),1,(IF(('2回目フォームの回答 '!AH13="ときどきあった"),2,(IF(('2回目フォームの回答 '!AH13="しばしばあった"),3,(IF(('2回目フォームの回答 '!AH13="ほとんどいつもあった"),4,""))))))) -> 4 | BC13: =IF(('2回目フォームの回答 '!AI13="ほとんどなかった"),1,(IF(('2回目フォームの回答 '!AI13="ときどきあった"),2,(IF(('2回目フォームの回答 '!AI13="しばしばあった"),3,(IF(('2回目フォームの回答 '!AI13="ほとんどいつもあった"),4,""))))))) -> 3 | BD13: =IF(('2回目フォームの回答 '!AJ13="ほとんどなかった"),1,(IF(('2回目フォームの回答 '!AJ13="ときどきあった"),2,(IF(('2回目フォームの回答 '!AJ13="しばしばあった"),3,(IF(('2回目フォームの回答 '!AJ13="ほとんどいつもあった"),4,""))))))) -> 2 | ... BP13: =IF(('2回目フォームの回答 '!AV13="ほとんどなかった"),1,(IF(('2回目フォームの回答 '!AV13="ときどきあった"),2,(IF(('2回目フォームの回答 '!AV13="しばしばあった"),3,(IF(('2回目フォームの回答 '!AV13="ほとんどいつもあった"),4,""))))))) -> 1 | BQ13: =$AN13+$AO13+$AP13 -> 4 | BR13: =IF((BQ13=3),5,(IF(AND(BQ13>=4,BQ13<=5),4,(IF(AND(BQ13>=6,BQ13<=7),3,(IF(AND(BQ13>=8,BQ13<=9),2,IF(BQ13>=10,1,"")))))))) -> 4 | BS13: =$AQ13+$AR13+$AS13 -> 7 | BT13: =IF(AND(B13="male",BS13=3),1,(IF(AND(B13="male",BS13>=4,BS13<=5),2,(IF(AND(B13="male",BS13>=6,BS13<=7),3,(IF(AND(B13="male",BS13>=8,BS13<=9),4,IF(AND(B13="male",BS13>=10),5,IF(AND(B13="female",BS13=3),1,(IF(AND(B13="female",BS13>=4,BS13<=5),2,(IF(AND(B13="female",BS13>=6,BS13<=8),3,(IF(AND(B13="female",BS13>=9,BS13<=10),4,IF(AND(B13="female",BS13>=11),5,"")))))))))))))))) -> 3 | BU13: =$AT13+$AU13+$AV13 -> 9 | BV13: =IF(AND(B13="male",BU13=3),1,(IF(AND(B13="male",BU13=4),2,(IF(AND(B13="male",BU13>=5,BU13<=7),3,(IF(AND(B13="male",BU13>=8,BU13<=10),4,IF(AND(B13="male",BU13>=11),5,IF(AND(B13="female",BU13=3),1,(IF(AND(B13="female",BU13>=4,BU13<=5),2,(IF(AND(B13="female",BU13>=6,BU13<=8),3,(IF(AND(B13="female",BU13>=9,BU13<=11),4,IF(AND(B13="female",BU13>=12),5,"")))))))))))))))) -> 4 | BW13: =$AW13+$AX13+$AY13 -> 10 | BX13: =IF(AND(B13="male",BW13=3),1,(IF(AND(B13="male",BW13=4),2,(IF(AND(B13="male",BW13>=5,BW13<=7),3,(IF(AND(B13="male",BW13>=8,BW13<=9),4,(IF(AND(B13="male",BW13>=10),5,(IF(AND(B13="female",BW13=3),1,(IF(AND(B13="female",BW13=4),2,(IF(AND(B13="female",BW13>=5,BW13<=7),3,(IF(AND(B13="female",BW13>=8,BW13<=10),4,IF(AND(B13="female",BW13>=11),5,"")))))))))))))))))) -> 4 | BY13: =SUM($AZ13:$BE13) -> 17 | BZ13: =IF(AND(B13="male",BY13=6),1,(IF(AND(B13="male",BY13>=7,BY13<=8),2,(IF(AND(B13="male",BY13>=9,BY13<=12),3,(IF(AND(B13="male",BY13>=13,BY13<=16),4,IF(AND(B13="male",BY13>=17),5,IF(AND(B13="female",BY13=6),1,(IF(AND(B13="female",BY13>=7,BY13<=8),2,(IF(AND(B13="female",BY13>=9,BY13<=12),3,(IF(AND(B13="female",BY13>=13,BY13<=17),4,IF(AND(B13="female",BY13>=18),5,"")))))))))))))))) -> 4 | CA13: =SUM($BF13:$BP13) -> 23 | CB13: =IF(AND(B13="male",CA13=11),1,(IF(AND(B13="male",CA13>=12,CA13<=15),2,(IF(AND(B13="male",CA13>=16,CA13<=21),3,(IF(AND(B13="male",CA13>=22,CA13<=26),4,IF(AND(B13="male",CA13>=27),5,IF(AND(B13="female",CA13<=13),1,(IF(AND(B13="female",CA13>=14,CA13<=17),2,(IF(AND(B13="female",CA13>=18,CA13<=23),3,(IF(AND(B13="female",CA13>=24,CA13<=29),4,IF(AND(B13="female",CA13>=30),5,"")))))))))))))))) -> 3 | CC13: =IF(('2回目フォームの回答 '!AW13="非常に"),1,(IF(('2回目フォームの回答 '!AW13="かなり"),2,(IF(('2回目フォームの回答 '!AW13="多少"),3,(IF(('2回目フォームの回答 '!AW13="全くない"),4,""))))))) -> 4 | CD13: =IF(('2回目フォームの回答 '!AX13="非常に"),1,(IF(('2回目フォームの回答 '!AX13="かなり"),2,(IF(('2回目フォームの回答 '!AX13="多少"),3,(IF(('2回目フォームの回答 '!AX13="全くない"),4,""))))))) -> 4 | CE13: =IF(('2回目フォームの回答 '!AY13="非常に"),1,(IF(('2回目フォームの回答 '!AY13="かなり"),2,(IF(('2回目フォームの回答 '!AY13="多少"),3,(IF(('2回目フォームの回答 '!AY13="全くない"),4,""))))))) -> 3 | CF13: =IF(('2回目フォームの回答 '!AZ13="非常に"),1,(IF(('2回目フォームの回答 '!AZ13="かなり"),2,(IF(('2回目フォームの回答 '!AZ13="多少"),3,(IF(('2回目フォームの回答 '!AZ13="全くない"),4,""))))))) -> 3 | CG13: =IF(('2回目フォームの回答 '!BA13="非常に"),1,(IF(('2回目フォームの回答 '!BA13="かなり"),2,(IF(('2回目フォームの回答 '!BA13="多少"),3,(IF(('2回目フォームの回答 '!BA13="全くない"),4,""))))))) -> 3 | CH13: =IF(('2回目フォームの回答 '!BB13="非常に"),1,(IF(('2回目フォームの回答 '!BB13="かなり"),2,(IF(('2回目フォームの回答 '!BB13="多少"),3,(IF(('2回目フォームの回答 '!BB13="全くない"),4,""))))))) -> 2 | CI13: =IF(('2回目フォームの回答 '!BC13="非常に"),1,(IF(('2回目フォームの回答 '!BC13="かなり"),2,(IF(('2回目フォームの回答 '!BC13="多少"),3,(IF(('2回目フォームの回答 '!BC13="全くない"),4,""))))))) -> 3 | CJ13: =IF(('2回目フォームの回答 '!BD13="非常に"),1,(IF(('2回目フォームの回答 '!BD13="かなり"),2,(IF(('2回目フォームの回答 '!BD13="多少"),3,(IF(('2回目フォームの回答 '!BD13="全くない"),4,""))))))) -> 3 | CK13: =IF(('2回目フォームの回答 '!BE13="非常に"),1,(IF(('2回目フォームの回答 '!BE13="かなり"),2,(IF(('2回目フォームの回答 '!BE13="多少"),3,(IF(('2回目フォームの回答 '!BE13="全くない"),4,""))))))) -> 3 | CL13: =IF(('2回目フォームの回答 '!BF13="満足"),1,(IF(('2回目フォームの回答 '!BF13="まぁ満足"),2,(IF(('2回目フォームの回答 '!BF13="やや満足"),3,(IF(('2回目フォームの回答 '!BF13="不満足"),4,""))))))) -> 4 | CM13: =IF(('2回目フォームの回答 '!BG13="満足"),1,(IF(('2回目フォームの回答 '!BG13="まぁ満足"),2,(IF(('2回目フォームの回答 '!BG13="やや満足"),3,(IF(('2回目フォームの回答 '!BG13="不満足"),4,""))))))) -> 2 | CN13: =15-($CC13+$CF13+$CI13) -> 5 | CO13: =IF(AND(B13="male",CN13<=4),5,(IF(AND(B13="male",CN13>=5,CN13<=6),4,(IF(AND(B13="male",CN13>=7,CN13<=8),3,(IF(AND(B13="male",CN13>=9,CN13<=10),2,IF(AND(B13="male",CN13>=11),1,IF(AND(B13="female",CN13<=3),5,(IF(AND(B13="female",CN13>=4,CN13<=5),4,(IF(AND(B13="female",CN13>=6,CN13<=7),3,(IF(AND(B13="female",CN13>=8,CN13<=10),2,IF(AND(B13="female",CN13>=11),1,"")))))))))))))))) -> 4 | CP13: =15-($CD13+$CG13+$CJ13) -> 5 | CQ13: =IF((CP13<=5),5,(IF(AND(CP13>=6,CP13<=7),4,(IF(AND(CP13>=8,CP13<=9),3,(IF(AND(CP13>=10,AF13<=11),2,IF(AF13>=12,1,"")))))))) -> 5 | CR13: =15-($CE13+$CH13+$CK13) -> 7 | CS13: =IF((CR13<=6),5,(IF(AND(CR13>=7,CR13<=8),4,IF((CR13=9),3,IF(AND(CR13>=10,CR13<=11),2,IF(CR13>=12,1,"")))))) -> 4 | CT13: =10-($CL13+$CM13) -> 4 | CU13: =IF((CT13<=3),5,(IF((CT13=4),4,IF(AND(CT13>=5,CT13<=6),3,IF((CT13=7),2,IF(CT13>=8,1,"")))))) -> 4 | CV13: =BR13+BT13+BV13+BX13+BZ13+CB13 -> 22 | CW13: =W13+Y13+AA13+AC13+AE13+AG13+AI13+AK13+AM13 -> 30 | CX13: =CO13+CQ13+CS13 -> 13 | CY13: =IF((CV13>=24),"高",IF(AND(CV13>=19,CV13<=23,(CW13+CX13)>=46),"高",IF(AND(CV13>=19,CV13<=23,(CW13+CX13)>=12,(CW13+CX13)<=45),"中①",IF(AND(CV13>=6,CV13<=18,(CW13+CX13)>=46),"中②","低")))) -> 中① | CZ13: ='2回目フォームの回答 '!BH13 -> 0.5 | DA13: =1-CZ13 -> 0.5 | DB13: =IF(('2回目フォームの回答 '!BI13="いつもより寝つきは良い"),0,(IF(('2回目フォームの回答 '!BI13="いつもより少し時間がかかった"),1,(IF(('2回目フォームの回答 '!BI13="いつもよりかなり時間がかかった"),2,(IF(('2回目フォームの回答 '!BI13="いつもより非常に時間がかかった、あるいは全く眠れなかった"),3,""))))))) -> 1 | DC13: =IF(('2回目フォームの回答 '!BJ13="問題になるほどのことはなかった"),0,(IF(('2回目フォームの回答 '!BJ13="少し困ることがある"),1,(IF(('2回目フォームの回答 '!BJ13="かなり困っている"),2,(IF(('2回目フォームの回答 '!BJ13="深刻な状態、あるいは全く眠れなかった"),3,""))))))) -> 0 | DD13: =IF(('2回目フォームの回答 '!BK13="そのようなことはなかった"),0,(IF(('2回目フォームの回答 '!BK13="少し早かった"),1,(IF(('2回目フォームの回答 '!BK13="かなり早かった"),2,(IF(('2回目フォームの回答 '!BK13="非常に早かった、あるいは全く眠れなかった"),3,""))))))) -> 0 | DE13: =IF(('2回目フォームの回答 '!BL13="十分である"),0,(IF(('2回目フォームの回答 '!BL13="少し足りない"),1,(IF(('2回目フォームの回答 '!BL13="かなり足りない"),2,(IF(('2回目フォームの回答 '!BL13="全く足りない、あるいは全く眠れなかった"),3,""))))))) -> 2 | DF13: =IF(('2回目フォームの回答 '!BM13="満足している"),0,(IF(('2回目フォームの回答 '!BM13="少し不満である"),1,(IF(('2回目フォームの回答 '!BM13="かなり不満である"),2,(IF(('2回目フォームの回答 '!BM13="非常に不満である、あるいは全く眠れなかった"),3,""))))))) -> 1 | DG13: =IF(('2回目フォームの回答 '!BN13="いつもどおり"),0,(IF(('2回目フォームの回答 '!BN13="少し滅入った"),1,(IF(('2回目フォームの回答 '!BN13="かなり滅入った"),2,(IF(('2回目フォームの回答 '!BN13="非常に滅入った"),3,""))))))) -> 2 | DH13: =IF(('2回目フォームの回答 '!BO13="いつもどおり"),0,(IF(('2回目フォームの回答 '!BO13="少し低下した"),1,(IF(('2回目フォームの回答 '!BO13="かなり低下した"),2,(IF(('2回目フォームの回答 '!BO13="非常に低下した"),3,""))))))) -> 1 | DI13: =IF(('2回目フォームの回答 '!BP13="全くなかった"),0,(IF(('2回目フォームの回答 '!BP13="少しあった"),1,(IF(('2回目フォームの回答 '!BP13="かなりあった"),2,(IF(('2回目フォームの回答 '!BP13="激しかった"),3,""))))))) -> 3 | DJ13: =SUM(DB13:DI13) -> 10 | DK13: =IF((DJ13<=3),"低",(IF(AND(DJ13>=4,DJ13<=5),"中",(IF((DJ13>=6),"高",""))))) -> 高 | DL13: 12.1 | DM13: 10.1 | DN13: 7.7 | DO13: =DL13+DM13+DN13 -> 29.9 | DQ13: 〇 | DS13: 0.31388889 | DT13: 296 | DU13: =INDEX('1回目結果'!DR:DR,MATCH($DT13,'1回目結果'!$A:$A,0)) -> 0.036 | DV13: =INDEX('1回目結果'!DS:DS,MATCH($DT13,'1回目結果'!$A:$A,0)) -> 35.4 | DW13: =INDEX('1回目結果'!DT:DT,MATCH($DT13,'1回目結果'!$A:$A,0)) -> 0.1 | DX13: =INDEX('1回目結果'!DU:DU,MATCH($DT13,'1回目結果'!$A:$A,0)) -> 10 | DY13: =IFERROR(INDEX('1回目結果'!DL:DL,MATCH('2回目結果'!$DT13,'1回目結果'!$A:$A,0)),"") -> 13.8 | DZ13: =IFERROR(INDEX('1回目結果'!DM:DM,MATCH('2回目結果'!$DT13,'1回目結果'!$A:$A,0)),"") -> 7.9 | EA13: =IFERROR(INDEX('1回目結果'!DN:DN,MATCH('2回目結果'!$DT13,'1回目結果'!$A:$A,0)),"") -> 5.9 | EB13: =IFERROR(INDEX('1回目結果'!DO:DO,MATCH('2回目結果'!$DT13,'1回目結果'!$A:$A,0)),"") -> 27.6 | EC13: =IFERROR(INDEX('1回目結果'!DP:DP,MATCH('2回目結果'!$DT13,'1回目結果'!$A:$A,0)),"") -> 0 | ED13: =IFERROR(INDEX('1回目結果'!DQ:DQ,MATCH('2回目結果'!$DT13,'1回目結果'!$A:$A,0)),"") -> 0 | EE13: 0.26 | EF13: 169.98 | EG13: 0.15 | EH13: 10 | EI13: メンタルアラートなし（-） | EJ13: =EH13/DX13 -> 1 | EL13: =DO13-EB13 -> 2.3 | EM13: =DN13-EA13 -> 1.8
A14: 333 | B14: male | C14: 33759 | D14: 32 | E14: =IF(('2回目フォームの回答 '!C14="そうだ"),1,(IF(('2回目フォームの回答 '!C14="まぁそうだ"),2,(IF(('2回目フォームの回答 '!C14="ややちがう"),3,(IF(('2回目フォームの回答 '!C14="ちがう"),4,""))))))) -> 2 | F14: =IF(('2回目フォームの回答 '!D14="そうだ"),1,(IF(('2回目フォームの回答 '!D14="まぁそうだ"),2,(IF(('2回目フォームの回答 '!D14="ややちがう"),3,(IF(('2回目フォームの回答 '!D14="ちがう"),4,""))))))) -> 3 | G14: =IF(('2回目フォームの回答 '!E14="そうだ"),1,(IF(('2回目フォームの回答 '!E14="まぁそうだ"),2,(IF(('2回目フォームの回答 '!E14="ややちがう"),3,(IF(('2回目フォームの回答 '!E14="ちがう"),4,""))))))) -> 1 | H14: =IF(('2回目フォームの回答 '!F14="そうだ"),1,(IF(('2回目フォームの回答 '!F14="まぁそうだ"),2,(IF(('2回目フォームの回答 '!F14="ややちがう"),3,(IF(('2回目フォームの回答 '!F14="ちがう"),4,""))))))) -> 2 | I14: =IF(('2回目フォームの回答 '!G14="そうだ"),1,(IF(('2回目フォームの回答 '!G14="まぁそうだ"),2,(IF(('2回目フォームの回答 '!G14="ややちがう"),3,(IF(('2回目フォームの回答 '!G14="ちがう"),4,""))))))) -> 3 | J14: =IF(('2回目フォームの回答 '!H14="そうだ"),1,(IF(('2回目フォームの回答 '!H14="まぁそうだ"),2,(IF(('2回目フォームの回答 '!H14="ややちがう"),3,(IF(('2回目フォームの回答 '!H14="ちがう"),4,""))))))) -> 2 | K14: =IF(('2回目フォームの回答 '!I14="そうだ"),1,(IF(('2回目フォームの回答 '!I14="まぁそうだ"),2,(IF(('2回目フォームの回答 '!I14="ややちがう"),3,(IF(('2回目フォームの回答 '!I14="ちがう"),4,""))))))) -> 4 | L14: =IF(('2回目フォームの回答 '!J14="そうだ"),1,(IF(('2回目フォームの回答 '!J14="まぁそうだ"),2,(IF(('2回目フォームの回答 '!J14="ややちがう"),3,(IF(('2回目フォームの回答 '!J14="ちがう"),4,""))))))) -> 2 | ... U14: =IF(('2回目フォームの回答 '!S14="そうだ"),1,(IF(('2回目フォームの回答 '!S14="まぁそうだ"),2,(IF(('2回目フォームの回答 '!S14="ややちがう"),3,(IF(('2回目フォームの回答 '!S14="ちがう"),4,""))))))) -> 4 | V14: =15-($E14+$F14+$G14) -> 9 | W14: =IF(AND(B14="male",V14<=5),1,(IF(AND(B14="male",V14>=6,V14<=7),2,(IF(AND(B14="male",V14>=8,V14<=9),3,(IF(AND(B14="male",V14>=10,V14<=11),4,IF(AND(B14="male",V14>=12),5,IF(AND(B14="female",V14<=4),1,(IF(AND(B14="female",V14>=5,V14<=6),2,(IF(AND(B14="female",V14>=7,V14<=9),3,(IF(AND(B14="female",V14>=10,V14<=11),4,IF(AND(B14="female",V14>=12),5,"")))))))))))))))) -> 3 | X14: =15-($H14+$I14+$J14) -> 8 | Y14: =IF(AND(B14="male",X14<=5),1,(IF(AND(B14="male",X14>=6,X14<=7),2,(IF(AND(B14="male",X14>=8,X14<=9),3,(IF(AND(B14="male",X14>=10,X14<=11),4,IF(AND(B14="male",X14>=12),5,IF(AND(B14="female",X14<=4),1,(IF(AND(B14="female",X14>=5,X14<=6),2,(IF(AND(B14="female",X14>=7,X14<=8),3,(IF(AND(B14="female",X14>=9,X14<=10),4,IF(AND(B14="female",X14>=11),5,"")))))))))))))))) -> 3 | Z14: =5-$K14 -> 1 | AA14: =IF(Z14=1,2,IF(Z14=2,3,(IF(Z14=3,4,(IF(Z14=4,5,"")))))) -> 2 | AB14: =10-($P14+Q14)+$R14 -> 4 | AC14: =IF((AB14=3),1,(IF(AND(AB14>=4,AB14<=5),2,(IF(AND(AB14>=6,AB14<=7),3,(IF(AND(AB14>=8,AB14<=9),4,IF(AB14>=10,5,"")))))))) -> 2 | AD14: =5-$S14 -> 2 | AE14: =IF(AND(B14="male",AD14=1),2,IF(AND(B14="male",AD14=2),3,(IF(AND(B14="male",AD14=3),4,(IF(AND(B14="male",AD14=4),5,IF(AND(B14="female",AD14=1),1,IF(AND(B14="female",AD14=2),3,(IF(AND(B14="female",AD14=3),4,(IF(AND(B14="female",AD14=4),5,"")))))))))))) -> 3 | AF14: =15-($L14+$M14+$N14) -> 8 | AG14: =IF(AND(B14="male",AF14<=4),5,(IF(AND(B14="male",AF14>=5,AF14<=6),4,(IF(AND(B14="male",AF14>=7,AF14<=8),3,(IF(AND(B14="male",AF14>=9,AF14<=10),2,IF(AND(B14="male",AF14>=11),1,IF(AND(B14="female",AF14<=3),5,(IF(AND(B14="female",AF14>=4,AF14<=5),4,(IF(AND(B14="female",AF14>=6,AF14<=8),3,(IF(AND(B14="female",AF14>=9,AF14<=10),2,IF(AND(B14="female",AF14>=11),1,"")))))))))))))))) -> 3 | AH14: =$O14 -> 3 | AI14: =IF(AH14=1,5,IF(AH14=2,4,(IF(AH14=3,3,(IF(AH14=4,2,"")))))) -> 3 | AJ14: =5-$T14 -> 2 | AK14: =IF(AJ14=1,5,IF(AJ14=2,4,(IF(AJ14=3,3,(IF(AJ14=4,1,"")))))) -> 4 | AL14: =5-$U14 -> 1 | AM14: =IF(AL14=1,5,IF(AL14=2,4,(IF(AL14=3,3,(IF(AL14=4,1,"")))))) -> 5 | AN14: =IF(('2回目フォームの回答 '!T14="ほとんどなかった"),1,(IF(('2回目フォームの回答 '!T14="ときどきあった"),2,(IF(('2回目フォームの回答 '!T14="しばしばあった"),3,(IF(('2回目フォームの回答 '!T14="ほとんどいつもあった"),4,""))))))) -> 1 | AO14: =IF(('2回目フォームの回答 '!U14="ほとんどなかった"),1,(IF(('2回目フォームの回答 '!U14="ときどきあった"),2,(IF(('2回目フォームの回答 '!U14="しばしばあった"),3,(IF(('2回目フォームの回答 '!U14="ほとんどいつもあった"),4,""))))))) -> 1 | AP14: =IF(('2回目フォームの回答 '!V14="ほとんどなかった"),1,(IF(('2回目フォームの回答 '!V14="ときどきあった"),2,(IF(('2回目フォームの回答 '!V14="しばしばあった"),3,(IF(('2回目フォームの回答 '!V14="ほとんどいつもあった"),4,""))))))) -> 1 | AQ14: =IF(('2回目フォームの回答 '!W14="ほとんどなかった"),1,(IF(('2回目フォームの回答 '!W14="ときどきあった"),2,(IF(('2回目フォームの回答 '!W14="しばしばあった"),3,(IF(('2回目フォームの回答 '!W14="ほとんどいつもあった"),4,""))))))) -> 2 | AR14: =IF(('2回目フォームの回答 '!X14="ほとんどなかった"),1,(IF(('2回目フォームの回答 '!X14="ときどきあった"),2,(IF(('2回目フォームの回答 '!X14="しばしばあった"),3,(IF(('2回目フォームの回答 '!X14="ほとんどいつもあった"),4,""))))))) -> 2 | AS14: =IF(('2回目フォームの回答 '!Y14="ほとんどなかった"),1,(IF(('2回目フォームの回答 '!Y14="ときどきあった"),2,(IF(('2回目フォームの回答 '!Y14="しばしばあった"),3,(IF(('2回目フォームの回答 '!Y14="ほとんどいつもあった"),4,""))))))) -> 3 | AT14: =IF(('2回目フォームの回答 '!Z14="ほとんどなかった"),1,(IF(('2回目フォームの回答 '!Z14="ときどきあった"),2,(IF(('2回目フォームの回答 '!Z14="しばしばあった"),3,(IF(('2回目フォームの回答 '!Z14="ほとんどいつもあった"),4,""))))))) -> 3 | AU14: =IF(('2回目フォームの回答 '!AA14="ほとんどなかった"),1,(IF(('2回目フォームの回答 '!AA14="ときどきあった"),2,(IF(('2回目フォームの回答 '!AA14="しばしばあった"),3,(IF(('2回目フォームの回答 '!AA14="ほとんどいつもあった"),4,""))))))) -> 3 | AV14: =IF(('2回目フォームの回答 '!AB14="ほとんどなかった"),1,(IF(('2回目フォームの回答 '!AB14="ときどきばあった"),2,(IF(('2回目フォームの回答 '!AB14="しばしばあった"),3,(IF(('2回目フォームの回答 '!AB14="ほとんどいつもあった"),4,""))))))) -> 4 | AW14: =IF(('2回目フォームの回答 '!AC14="ほとんどなかった"),1,(IF(('2回目フォームの回答 '!AC14="ときどきあった"),2,(IF(('2回目フォームの回答 '!AC14="しばしばあった"),3,(IF(('2回目フォームの回答 '!AC14="ほとんどいつもあった"),4,""))))))) -> 2 | AX14: =IF(('2回目フォームの回答 '!AD14="ほとんどなかった"),1,(IF(('2回目フォームの回答 '!AD14="ときどきあった"),2,(IF(('2回目フォームの回答 '!AD14="しばしばあった"),3,(IF(('2回目フォームの回答 '!AD14="ほとんどいつもあった"),4,""))))))) -> 2 | AY14: =IF(('2回目フォームの回答 '!AE14="ほとんどなかった"),1,(IF(('2回目フォームの回答 '!AE14="ときどきあった"),2,(IF(('2回目フォームの回答 '!AE14="しばしばあった"),3,(IF(('2回目フォームの回答 '!AE14="ほとんどいつもあった"),4,""))))))) -> 2 | AZ14: =IF(('2回目フォームの回答 '!AF14="ほとんどなかった"),1,(IF(('2回目フォームの回答 '!AF14="ときどきあった"),2,(IF(('2回目フォームの回答 '!AF14="しばしばあった"),3,(IF(('2回目フォームの回答 '!AF14="ほとんどいつもあった"),4,""))))))) -> 4 | BA14: =IF(('2回目フォームの回答 '!AG14="ほとんどなかった"),1,(IF(('2回目フォームの回答 '!AG14="ときどきあった"),2,(IF(('2回目フォームの回答 '!AG14="しばしばあった"),3,(IF(('2回目フォームの回答 '!AG14="ほとんどいつもあった"),4,""))))))) -> 3 | BB14: =IF(('2回目フォームの回答 '!AH14="ほとんどなかった"),1,(IF(('2回目フォームの回答 '!AH14="ときどきあった"),2,(IF(('2回目フォームの回答 '!AH14="しばしばあった"),3,(IF(('2回目フォームの回答 '!AH14="ほとんどいつもあった"),4,""))))))) -> 2 | BC14: =IF(('2回目フォームの回答 '!AI14="ほとんどなかった"),1,(IF(('2回目フォームの回答 '!AI14="ときどきあった"),2,(IF(('2回目フォームの回答 '!AI14="しばしばあった"),3,(IF(('2回目フォームの回答 '!AI14="ほとんどいつもあった"),4,""))))))) -> 2 | BD14: =IF(('2回目フォームの回答 '!AJ14="ほとんどなかった"),1,(IF(('2回目フォームの回答 '!AJ14="ときどきあった"),2,(IF(('2回目フォームの回答 '!AJ14="しばしばあった"),3,(IF(('2回目フォームの回答 '!AJ14="ほとんどいつもあった"),4,""))))))) -> 2 | ... BP14: =IF(('2回目フォームの回答 '!AV14="ほとんどなかった"),1,(IF(('2回目フォームの回答 '!AV14="ときどきあった"),2,(IF(('2回目フォームの回答 '!AV14="しばしばあった"),3,(IF(('2回目フォームの回答 '!AV14="ほとんどいつもあった"),4,""))))))) -> 2 | BQ14: =$AN14+$AO14+$AP14 -> 3 | BR14: =IF((BQ14=3),5,(IF(AND(BQ14>=4,BQ14<=5),4,(IF(AND(BQ14>=6,BQ14<=7),3,(IF(AND(BQ14>=8,BQ14<=9),2,IF(BQ14>=10,1,"")))))))) -> 5 | BS14: =$AQ14+$AR14+$AS14 -> 7 | BT14: =IF(AND(B14="male",BS14=3),1,(IF(AND(B14="male",BS14>=4,BS14<=5),2,(IF(AND(B14="male",BS14>=6,BS14<=7),3,(IF(AND(B14="male",BS14>=8,BS14<=9),4,IF(AND(B14="male",BS14>=10),5,IF(AND(B14="female",BS14=3),1,(IF(AND(B14="female",BS14>=4,BS14<=5),2,(IF(AND(B14="female",BS14>=6,BS14<=8),3,(IF(AND(B14="female",BS14>=9,BS14<=10),4,IF(AND(B14="female",BS14>=11),5,"")))))))))))))))) -> 3 | BU14: =$AT14+$AU14+$AV14 -> 10 | BV14: =IF(AND(B14="male",BU14=3),1,(IF(AND(B14="male",BU14=4),2,(IF(AND(B14="male",BU14>=5,BU14<=7),3,(IF(AND(B14="male",BU14>=8,BU14<=10),4,IF(AND(B14="male",BU14>=11),5,IF(AND(B14="female",BU14=3),1,(IF(AND(B14="female",BU14>=4,BU14<=5),2,(IF(AND(B14="female",BU14>=6,BU14<=8),3,(IF(AND(B14="female",BU14>=9,BU14<=11),4,IF(AND(B14="female",BU14>=12),5,"")))))))))))))))) -> 4 | BW14: =$AW14+$AX14+$AY14 -> 6 | BX14: =IF(AND(B14="male",BW14=3),1,(IF(AND(B14="male",BW14=4),2,(IF(AND(B14="male",BW14>=5,BW14<=7),3,(IF(AND(B14="male",BW14>=8,BW14<=9),4,(IF(AND(B14="male",BW14>=10),5,(IF(AND(B14="female",BW14=3),1,(IF(AND(B14="female",BW14=4),2,(IF(AND(B14="female",BW14>=5,BW14<=7),3,(IF(AND(B14="female",BW14>=8,BW14<=10),4,IF(AND(B14="female",BW14>=11),5,"")))))))))))))))))) -> 3 | BY14: =SUM($AZ14:$BE14) -> 15 | BZ14: =IF(AND(B14="male",BY14=6),1,(IF(AND(B14="male",BY14>=7,BY14<=8),2,(IF(AND(B14="male",BY14>=9,BY14<=12),3,(IF(AND(B14="male",BY14>=13,BY14<=16),4,IF(AND(B14="male",BY14>=17),5,IF(AND(B14="female",BY14=6),1,(IF(AND(B14="female",BY14>=7,BY14<=8),2,(IF(AND(B14="female",BY14>=9,BY14<=12),3,(IF(AND(B14="female",BY14>=13,BY14<=17),4,IF(AND(B14="female",BY14>=18),5,"")))))))))))))))) -> 4 | CA14: =SUM($BF14:$BP14) -> 26 | CB14: =IF(AND(B14="male",CA14=11),1,(IF(AND(B14="male",CA14>=12,CA14<=15),2,(IF(AND(B14="male",CA14>=16,CA14<=21),3,(IF(AND(B14="male",CA14>=22,CA14<=26),4,IF(AND(B14="male",CA14>=27),5,IF(AND(B14="female",CA14<=13),1,(IF(AND(B14="female",CA14>=14,CA14<=17),2,(IF(AND(B14="female",CA14>=18,CA14<=23),3,(IF(AND(B14="female",CA14>=24,CA14<=29),4,IF(AND(B14="female",CA14>=30),5,"")))))))))))))))) -> 4 | CC14: =IF(('2回目フォームの回答 '!AW14="非常に"),1,(IF(('2回目フォームの回答 '!AW14="かなり"),2,(IF(('2回目フォームの回答 '!AW14="多少"),3,(IF(('2回目フォームの回答 '!AW14="全くない"),4,""))))))) -> 2 | CD14: =IF(('2回目フォームの回答 '!AX14="非常に"),1,(IF(('2回目フォームの回答 '!AX14="かなり"),2,(IF(('2回目フォームの回答 '!AX14="多少"),3,(IF(('2回目フォームの回答 '!AX14="全くない"),4,""))))))) -> 2 | CE14: =IF(('2回目フォームの回答 '!AY14="非常に"),1,(IF(('2回目フォームの回答 '!AY14="かなり"),2,(IF(('2回目フォームの回答 '!AY14="多少"),3,(IF(('2回目フォームの回答 '!AY14="全くない"),4,""))))))) -> 2 | CF14: =IF(('2回目フォームの回答 '!AZ14="非常に"),1,(IF(('2回目フォームの回答 '!AZ14="かなり"),2,(IF(('2回目フォームの回答 '!AZ14="多少"),3,(IF(('2回目フォームの回答 '!AZ14="全くない"),4,""))))))) -> 3 | CG14: =IF(('2回目フォームの回答 '!BA14="非常に"),1,(IF(('2回目フォームの回答 '!BA14="かなり"),2,(IF(('2回目フォームの回答 '!BA14="多少"),3,(IF(('2回目フォームの回答 '!BA14="全くない"),4,""))))))) -> 3 | CH14: =IF(('2回目フォームの回答 '!BB14="非常に"),1,(IF(('2回目フォームの回答 '!BB14="かなり"),2,(IF(('2回目フォームの回答 '!BB14="多少"),3,(IF(('2回目フォームの回答 '!BB14="全くない"),4,""))))))) -> 3 | CI14: =IF(('2回目フォームの回答 '!BC14="非常に"),1,(IF(('2回目フォームの回答 '!BC14="かなり"),2,(IF(('2回目フォームの回答 '!BC14="多少"),3,(IF(('2回目フォームの回答 '!BC14="全くない"),4,""))))))) -> 2 | CJ14: =IF(('2回目フォームの回答 '!BD14="非常に"),1,(IF(('2回目フォームの回答 '!BD14="かなり"),2,(IF(('2回目フォームの回答 '!BD14="多少"),3,(IF(('2回目フォームの回答 '!BD14="全くない"),4,""))))))) -> 2 | CK14: =IF(('2回目フォームの回答 '!BE14="非常に"),1,(IF(('2回目フォームの回答 '!BE14="かなり"),2,(IF(('2回目フォームの回答 '!BE14="多少"),3,(IF(('2回目フォームの回答 '!BE14="全くない"),4,""))))))) -> 2 | CL14: =IF(('2回目フォームの回答 '!BF14="満足"),1,(IF(('2回目フォームの回答 '!BF14="まぁ満足"),2,(IF(('2回目フォームの回答 '!BF14="やや満足"),3,(IF(('2回目フォームの回答 '!BF14="不満足"),4,""))))))) -> 3 | CM14: =IF(('2回目フォームの回答 '!BG14="満足"),1,(IF(('2回目フォームの回答 '!BG14="まぁ満足"),2,(IF(('2回目フォームの回答 '!BG14="やや満足"),3,(IF(('2回目フォームの回答 '!BG14="不満足"),4,""))))))) -> 3 | CN14: =15-($CC14+$CF14+$CI14) -> 8 | CO14: =IF(AND(B14="male",CN14<=4),5,(IF(AND(B14="male",CN14>=5,CN14<=6),4,(IF(AND(B14="male",CN14>=7,CN14<=8),3,(IF(AND(B14="male",CN14>=9,CN14<=10),2,IF(AND(B14="male",CN14>=11),1,IF(AND(B14="female",CN14<=3),5,(IF(AND(B14="female",CN14>=4,CN14<=5),4,(IF(AND(B14="female",CN14>=6,CN14<=7),3,(IF(AND(B14="female",CN14>=8,CN14<=10),2,IF(AND(B14="female",CN14>=11),1,"")))))))))))))))) -> 3 | CP14: =15-($CD14+$CG14+$CJ14) -> 8 | CQ14: =IF((CP14<=5),5,(IF(AND(CP14>=6,CP14<=7),4,(IF(AND(CP14>=8,CP14<=9),3,(IF(AND(CP14>=10,AF14<=11),2,IF(AF14>=12,1,"")))))))) -> 3 | CR14: =15-($CE14+$CH14+$CK14) -> 8 | CS14: =IF((CR14<=6),5,(IF(AND(CR14>=7,CR14<=8),4,IF((CR14=9),3,IF(AND(CR14>=10,CR14<=11),2,IF(CR14>=12,1,"")))))) -> 4 | CT14: =10-($CL14+$CM14) -> 4 | CU14: =IF((CT14<=3),5,(IF((CT14=4),4,IF(AND(CT14>=5,CT14<=6),3,IF((CT14=7),2,IF(CT14>=8,1,"")))))) -> 4 | CV14: =BR14+BT14+BV14+BX14+BZ14+CB14 -> 23 | CW14: =W14+Y14+AA14+AC14+AE14+AG14+AI14+AK14+AM14 -> 28 | CX14: =CO14+CQ14+CS14 -> 10 | CY14: =IF((CV14>=24),"高",IF(AND(CV14>=19,CV14<=23,(CW14+CX14)>=46),"高",IF(AND(CV14>=19,CV14<=23,(CW14+CX14)>=12,(CW14+CX14)<=45),"中①",IF(AND(CV14>=6,CV14<=18,(CW14+CX14)>=46),"中②","低")))) -> 中① | CZ14: ='2回目フォームの回答 '!BH14 -> 0.7 | DA14: =1-CZ14 -> 0.3 | DB14: =IF(('2回目フォームの回答 '!BI14="いつもより寝つきは良い"),0,(IF(('2回目フォームの回答 '!BI14="いつもより少し時間がかかった"),1,(IF(('2回目フォームの回答 '!BI14="いつもよりかなり時間がかかった"),2,(IF(('2回目フォームの回答 '!BI14="いつもより非常に時間がかかった、あるいは全く眠れなかった"),3,""))))))) -> 0 | DC14: =IF(('2回目フォームの回答 '!BJ14="問題になるほどのことはなかった"),0,(IF(('2回目フォームの回答 '!BJ14="少し困ることがある"),1,(IF(('2回目フォームの回答 '!BJ14="かなり困っている"),2,(IF(('2回目フォームの回答 '!BJ14="深刻な状態、あるいは全く眠れなかった"),3,""))))))) -> 0 | DD14: =IF(('2回目フォームの回答 '!BK14="そのようなことはなかった"),0,(IF(('2回目フォームの回答 '!BK14="少し早かった"),1,(IF(('2回目フォームの回答 '!BK14="かなり早かった"),2,(IF(('2回目フォームの回答 '!BK14="非常に早かった、あるいは全く眠れなかった"),3,""))))))) -> 0 | DE14: =IF(('2回目フォームの回答 '!BL14="十分である"),0,(IF(('2回目フォームの回答 '!BL14="少し足りない"),1,(IF(('2回目フォームの回答 '!BL14="かなり足りない"),2,(IF(('2回目フォームの回答 '!BL14="全く足りない、あるいは全く眠れなかった"),3,""))))))) -> 1 | DF14: =IF(('2回目フォームの回答 '!BM14="満足している"),0,(IF(('2回目フォームの回答 '!BM14="少し不満である"),1,(IF(('2回目フォームの回答 '!BM14="かなり不満である"),2,(IF(('2回目フォームの回答 '!BM14="非常に不満である、あるいは全く眠れなかった"),3,""))))))) -> 1 | DG14: =IF(('2回目フォームの回答 '!BN14="いつもどおり"),0,(IF(('2回目フォームの回答 '!BN14="少し滅入った"),1,(IF(('2回目フォームの回答 '!BN14="かなり滅入った"),2,(IF(('2回目フォームの回答 '!BN14="非常に滅入った"),3,""))))))) -> 1 | DH14: =IF(('2回目フォームの回答 '!BO14="いつもどおり"),0,(IF(('2回目フォームの回答 '!BO14="少し低下した"),1,(IF(('2回目フォームの回答 '!BO14="かなり低下した"),2,(IF(('2回目フォームの回答 '!BO14="非常に低下した"),3,""))))))) -> 1 | DI14: =IF(('2回目フォームの回答 '!BP14="全くなかった"),0,(IF(('2回目フォームの回答 '!BP14="少しあった"),1,(IF(('2回目フォームの回答 '!BP14="かなりあった"),2,(IF(('2回目フォームの回答 '!BP14="激しかった"),3,""))))))) -> 2 | DJ14: =SUM(DB14:DI14) -> 6 | DK14: =IF((DJ14<=3),"低",(IF(AND(DJ14>=4,DJ14<=5),"中",(IF((DJ14>=6),"高",""))))) -> 高 | DL14: 14 | DM14: 13.4 | DN14: 9.3 | DO14: =DL14+DM14+DN14 -> 36.7 | DQ14: 〇 | DS14: 0.36458333 | DT14: 293 | DU14: =INDEX('1回目結果'!DR:DR,MATCH($DT14,'1回目結果'!$A:$A,0)) -> 0.54 | DV14: =INDEX('1回目結果'!DS:DS,MATCH($DT14,'1回目結果'!$A:$A,0)) -> 62.17 | DW14: =INDEX('1回目結果'!DT:DT,MATCH($DT14,'1回目結果'!$A:$A,0)) -> 0.87 | DX14: =INDEX('1回目結果'!DU:DU,MATCH($DT14,'1回目結果'!$A:$A,0)) -> 44 | DY14: =IFERROR(INDEX('1回目結果'!DL:DL,MATCH('2回目結果'!$DT14,'1回目結果'!$A:$A,0)),"") -> 6.3 | DZ14: =IFERROR(INDEX('1回目結果'!DM:DM,MATCH('2回目結果'!$DT14,'1回目結果'!$A:$A,0)),"") -> 7.2 | EA14: =IFERROR(INDEX('1回目結果'!DN:DN,MATCH('2回目結果'!$DT14,'1回目結果'!$A:$A,0)),"") -> 13.1 | EB14: =IFERROR(INDEX('1回目結果'!DO:DO,MATCH('2回目結果'!$DT14,'1回目結果'!$A:$A,0)),"") -> 26.6 | EC14: =IFERROR(INDEX('1回目結果'!DP:DP,MATCH('2回目結果'!$DT14,'1回目結果'!$A:$A,0)),"") -> 0 | ED14: =IFERROR(INDEX('1回目結果'!DQ:DQ,MATCH('2回目結果'!$DT14,'1回目結果'!$A:$A,0)),"") -> 0 | EE14: 1.448 | EF14: 132.74 | EG14: 1.09 | EH14: 55 | EI14: メンタルアラートなし（-） | EJ14: =EH14/DX14 -> 1.25 | EK14: =EG14/DW14 -> 1.2528736 | EL14: =DO14-EB14 -> 10.1 | EM14: =DN14-EA14 -> -3.8
